title,description,content,publishedAt,url,source,topic,date
"SB 53, the landmark AI transparency bill, is now law in California","Senate Bill 53, the landmark AI transparency bill that has divided AI companies and made headlines for months, is now officially law in California.  On Monday, California governor Gavin Newsom signed the “Transparency in Frontier Artificial Intelligence Act,”…","<ul><li></li><li></li><li></li></ul>
The hotly-debated legislation establishes safety reporting requirements for large AI companies.
The hotly-debated legislation establishes safety reporting requi… [+4740 chars]",2025-09-29T23:01:43Z,https://www.theverge.com/ai-artificial-intelligence/787918/sb-53-the-landmark-ai-transparency-bill-is-now-law-in-california,The Verge,Artificial Intelligence,2025-09-29
Researchers Tested Bite-Resistant Wetsuit Material With Great Whites and Tiger Sharks. Here’s What Happened,"Unlike zebra-striped wetsuits or chunky deterrent bracelets, this technology goes back to the basics.","Australian shark experts have revealed that some special wetsuit materials aiming to keep sharks from ripping your arm off or gouging out your guts might actually be helpful.
As detailed in a study … [+3265 chars]",2025-09-25T13:45:07Z,https://gizmodo.com/researchers-tested-bite-resistant-wetsuit-material-with-great-whites-and-tiger-sharks-heres-what-happened-2000663459,Gizmodo.com,Technology,2025-09-25
Silicon Valley’s latest argument against regulating AI: that would literally be the antichrist,"In a four-part series of religious lectures in San Francisco, Peter Thiel - yes, that Peter Thiel - has argued that the End Times are night and that a biblical Antichrist - yes, that Antichrist - will come to earth in the form of onerous government regulation…","<ul><li></li><li></li><li></li></ul>
This is a real thing Peter Thiel told a group of tech professionals recently.
This is a real thing Peter Thiel told a group of tech professionals recently.
by… [+5159 chars]",2025-09-25T20:49:43Z,https://www.theverge.com/ai-artificial-intelligence/785407/peter-thiel-antichrist-tech-regulation,The Verge,Technology,2025-09-25
"SAP probe, Jabil falls, Birkenstock outlook: Trending Tickers","Market Catalysts host Julie Hyman tracks several of the day's top trending stock tickers, including the European Union's (EU) antitrust probe into SAP (SAP),...","Now time for some of today's trending tickers. We are watching SAP, Jable and Birkenstock. First up, SAP. The European Commission launched an anti-trust probe into the German software giant, citing c… [+1385 chars]",2025-09-25T14:48:23Z,https://finance.yahoo.com/video/sap-probe-jabil-falls-birkenstock-144823059.html,Yahoo Entertainment,Trending,2025-09-25
Dogecoin Has Made It to Wall Street,"The first memecoin ETFs have hit the stock market, legitimizing the once too-online digital currency.","Are meme coins a legitimate investment now? Well, Wall Street seems to think so. Last week, REX Financial and Osprey Funds launched the first Dogecoin exchange-traded fund (ETF).
Basically, an ETF i… [+3310 chars]",2025-09-25T15:40:25Z,https://gizmodo.com/dogecoin-has-made-it-to-wall-street-2000663698,Gizmodo.com,Market,2025-09-25
