title,description,content,publishedAt,url,source,topic,date,clean_text,sentiment_gemini,sentiment_score
"About 25% of US adults say they use AI chatbots like ChatGPT for news, and 33% of them say they generally find it difficult to tell what is true and what is not (Pew Research Center)","Pew Research Center:
About 25% of US adults say they use AI chatbots like ChatGPT for news, and 33% of them say they generally find it difficult to tell what is true and what is not  —  A growing share of Americans are using artificial intelligence chatbots l…","Mediagazer presents the day's must-read media news on a single page.
The media business is in tumult: from the production side to
the distribution side, new technologies are upending the industry.… [+416 chars]",2025-10-04T15:00:01Z,https://mediagazer.com/251004/p1,Mediagazer.com,Artificial Intelligence,2025-10-04,"About 25 of US adults say they use AI chatbots like ChatGPT for news, and 33 of them say they generally find it difficult to tell what is true and what is not Pew Research Center Pew Research Center:About 25 of US adults say they use AI chatbots like ChatGPT for news, and 33 of them say they generally find it difficult to tell what is true and what is not A growing share of Americans are using artificial intelligence chatbots l",Neutral,0.0
Surges 14.3% on Partnership with AI Giant,"We recently published 10 Stocks With Eye-Popping Double-Digit Gains. Rumble Inc. (NASDAQ:RUM) is one of the top performers on Friday.
Rumble Inc. rallied for a third straight day on Friday, jumping 14.31 percent to close at $25.96 apiece after it partnered wi…","We recently published 10 Stocks With Eye-Popping Double-Digit Gains. Rumble Inc. (NASDAQ:RUM) is one of the top performers on Friday.Rumble Inc. rallied for a third straight day on Friday, jumping 14… [+148 chars]",2025-10-04T14:56:18Z,https://biztoc.com/x/73b76612636eb041,Biztoc.com,Artificial Intelligence,2025-10-04,"Surges 14.3 on Partnership with AI Giant We recently published 10 Stocks With Eye-Popping Double-Digit Gains. Rumble Inc. NASDAQ:RUM is one of the top performers on Friday.Rumble Inc. rallied for a third straight day on Friday, jumping 14.31 percent to close at 25.96 apiece after it partnered wi",Neutral,0.0
The U.S. is about to hold the government’s biggest coal sales in over a decade even as demand wanes. ‘Eventually coal will get pushed out of the market’,“Eventually coal will get pushed out of the market. The economics will just eat the coal generation over time.”,"U.S. officials in the coming days are set to hold the governments biggest coal sales in more than a decade, offering 600 million tons from publicly owned reserves next to strip mines in Montana and W… [+7042 chars]",2025-10-04T14:51:19Z,https://fortune.com/2025/10/04/us-government-biggest-coal-sales-decade-demand-mining-fossil-fuel-natural-gas/,Fortune,Artificial Intelligence,2025-10-04,The U.S. is about to hold the governments biggest coal sales in over a decade even as demand wanes. Eventually coal will get pushed out of the market Eventually coal will get pushed out of the market. The economics will just eat the coal generation over time.,Neutral,0.0
ABC Biography of #59 Sarah (Cutter) Knapp (1785-1878) of New Jersey,,"Using the ABC method described in Using Artificial Intelligence In the Ancestor Biography Creation (ABC) Process, here is another ancestor biography using the Anthropic Claude Sonnet 4 AI tool.1) I w… [+14028 chars]",2025-10-04T14:50:00Z,https://www.blogger.com/comment/fullpage/post/26204193/5085608740347517727,Blogger.com,Artificial Intelligence,2025-10-04,ABC Biography of Sarah Cutter Knapp 1785-1878 of New Jersey,Neutral,0.0
Could First Majestic Silver's $12 Stock Be a Backdoor AI Play?,"Key Points
-
OpenAI CEO Sam Altman has warned that ""an energy breakthrough"" is needed to meet the artificial intelligence (AI) revolution's global energy needs.
-
With governments committed to decarbonization, much of this new power will come from nuclear ene…","Key Points-OpenAI CEO Sam Altman has warned that ""an energy breakthrough"" is needed to meet the artificial intelligence (AI) revolution's global energy needs.-With governments committed to decarboniz… [+136 chars]",2025-10-04T14:45:20Z,https://biztoc.com/x/688d3302f6516511,Biztoc.com,Artificial Intelligence,2025-10-04,"Could First Majestic Silver's 12 Stock Be a Backdoor AI Play? Key Points-OpenAI CEO Sam Altman has warned that an energy breakthrough is needed to meet the artificial intelligence AI revolution's global energy needs.-With governments committed to decarbonization, much of this new power will come from nuclear ene",Neutral,0.0
TSLA Crashes 10% AGAIN—But $70¢ Earnings & FSD 14 and $35K Model to the Rescue,Despite a 10% dip after strong Q3 delivery numbers (the stock remains up 29% for the month. How low can Tesla shares go? Why could shares rebound ? FSD v14 release or Model Q announcement. Robotaxi Expansion: Texas regulations require an urgent response team …,Brian Wang is a Futurist Thought Leader and a popular Science blogger with 1 million readers per month. His blog Nextbigfuture.com is ranked #1 Science News Blog. It covers many disruptive technology… [+593 chars],2025-10-04T14:43:47Z,https://www.nextbigfuture.com/2025/10/tsla-crashes-10-again-but-70%c2%a2-earnings-fsd-14-and-35k-model-to-the-rescue.html,Next Big Future,Artificial Intelligence,2025-10-04,TSLA Crashes 10 AGAINBut 70 Earnings FSD 14 and 35K Model to the Rescue Despite a 10 dip after strong Q3 delivery numbers the stock remains up 29 for the month. How low can Tesla shares go? Why could shares rebound ? FSD v14 release or Model Q announcement. Robotaxi Expansion: Texas regulations require an urgent response team,Neutral,0.0
[Eugene Volokh] Court Especially Concerned About Hallucinations in Criminal Defense Lawyer's Filings,"From California Court of Appeal Justice Judith McConnell, writing for the court Thursday in People v. Alvarez; the lawyer involved...","From California Court of Appeal Justice Judith McConnell, writing for the court Thursday in People v. Alvarez; the lawyer involved has been licensed in California for 54 years:
[A filing in this cas… [+3491 chars]",2025-10-04T14:37:45Z,https://reason.com/volokh/2025/10/04/court-especially-concerned-about-hallucinations-in-criminal-defense-lawyers-filings/,Reason,Artificial Intelligence,2025-10-04,"Eugene Volokh Court Especially Concerned About Hallucinations in Criminal Defense Lawyer's Filings From California Court of Appeal Justice Judith McConnell, writing for the court Thursday in People v. Alvarez; the lawyer involved...",Neutral,0.0
Rumble Inc. (RUM) Surges 14.3% on Partnership with AI Giant,We recently published 10 Stocks With Eye-Popping Double-Digit Gains. Rumble Inc. (NASDAQ:RUM) is one of the top performers on Friday. Rumble Inc. rallied for...,"We recently published 10 Stocks With Eye-Popping Double-Digit Gains. Rumble Inc. (NASDAQ:RUM) is one of the top performers on Friday.
Rumble Inc. rallied for a third straight day on Friday, jumping … [+1885 chars]",2025-10-04T14:32:59Z,https://finance.yahoo.com/news/rumble-inc-rum-surges-14-143259832.html,Yahoo Entertainment,Artificial Intelligence,2025-10-04,Rumble Inc. RUM Surges 14.3 on Partnership with AI Giant We recently published 10 Stocks With Eye-Popping Double-Digit Gains. Rumble Inc. NASDAQ:RUM is one of the top performers on Friday. Rumble Inc. rallied for...,Neutral,0.0
DC’s shutdown hasn't stopped the stock market. Here’s what may,The U.S. stock market continues to rise despite the government's latest shutdown. The S&P 500 and Dow Jones Industrial Average hit all-time highs on Friday. It's not just big tech driving the market; the Russell 2000 index of smaller stocks and gold also reac…,"NEW YORK (AP) If the U.S. governments latest shutdown cant stop the stock market, what can? 
Stock prices keep rising, even as the shutdown delays important economic reports that usually steer tradi… [+5350 chars]",2025-10-04T14:29:28Z,https://apnews.com/article/stock-market-rates-records-shutdown-earnings-ai-251fefd075ac658ce498c9d1953efc70,Associated Press,Artificial Intelligence,2025-10-04,DCs shutdown hasn't stopped the stock market. Heres what may The U.S. stock market continues to rise despite the government's latest shutdown. The SP 500 and Dow Jones Industrial Average hit all-time highs on Friday. It's not just big tech driving the market; the Russell 2000 index of smaller stocks and gold also reac,Neutral,0.0
The singularity of stupid,"Geoff Brumfiel, ""Kiss reality goodbye: AI-generated social media has arrived"", All Things Considered 10/3/2025: A fascist SpongeBob SquarePants, a dog driving a car and Jesus playing Minecraft – these are just a few of the things you can see as you flip throu…","« previous post | 
Geoff Brumfiel, ""Kiss reality goodbye: AI-generated social media has arrived"", All Things Considered 10/3/2025:
A fascist SpongeBob SquarePants, a dog driving a car and Jesus pla… [+3106 chars]",2025-10-04T14:28:11Z,https://languagelog.ldc.upenn.edu/nll/?p=71406,Upenn.edu,Artificial Intelligence,2025-10-04,"The singularity of stupid Geoff Brumfiel, Kiss reality goodbye: AI-generated social media has arrived, All Things Considered 1032025: A fascist SpongeBob SquarePants, a dog driving a car and Jesus playing Minecraft these are just a few of the things you can see as you flip throu",Neutral,0.0
The Fed Cut Rates — What This Means for Tesla Stock,The Federal Reserve trimmed its benchmark rate by 0.25 percentage points. But what impact does that have on cyclical stocks like Tesla? Find out more.,"The Federal Reserve trimmed its benchmark rate by 0.25 percentage points, signaling easier borrowing conditions and improved liquidity. According to a Barrons report, this move has rejuvenated invest… [+2370 chars]",2025-10-04T14:22:19Z,https://finance.yahoo.com/news/fed-cut-rates-means-tesla-142219931.html,Yahoo Entertainment,Artificial Intelligence,2025-10-04,The Fed Cut Rates What This Means for Tesla Stock The Federal Reserve trimmed its benchmark rate by 0.25 percentage points. But what impact does that have on cyclical stocks like Tesla? Find out more.,Neutral,0.0
The Workplace Shutdown: Prevent Your Team From Grinding To A Halt,"High-performing teams aren’t built on talent alone. Three studies reveal how interpersonal connection drives productivity, innovation, and collective intelligence.","The best performing teams are great not because of the work they do but how they work together. 
getty
Its midnight. The lights dim across thousands of federal offices. Security guards stand at clo… [+7478 chars]",2025-10-04T14:21:57Z,https://www.forbes.com/sites/annkowalsmith/2025/10/04/the-workplace-shutdown-prevent-your-team-from-grinding-to-a-halt/,Forbes,Artificial Intelligence,2025-10-04,"The Workplace Shutdown: Prevent Your Team From Grinding To A Halt High-performing teams arent built on talent alone. Three studies reveal how interpersonal connection drives productivity, innovation, and collective intelligence.",Neutral,0.0
Kakao Entertainment Rolls Out Free AI Short-Form Video Tool for Webtoon Creators,"Technology automatically selects key webtoon scenes, transforms them into short clips of around 40 seconds","Image via Kakao Entertainment's website
Kakao Entertainment has launched a new artificial intelligence tool that allows webtoon creators to convert their comics into short-form videos.
The company … [+887 chars]",2025-10-04T14:15:00Z,https://www.animenewsnetwork.com/news/2025-10-04/kakao-entertainment-rolls-out-free-ai-short-form-video-tool-for-webtoon-creators/.229575,Anime News Network,Artificial Intelligence,2025-10-04,"Kakao Entertainment Rolls Out Free AI Short-Form Video Tool for Webtoon Creators Technology automatically selects key webtoon scenes, transforms them into short clips of around 40 seconds",Neutral,0.0
This Week’s Awesome Tech Stories From Around the Web (Through October 4),"Every week, we scour the web for important, insightful, and fascinating stories in science and technology. These are our latest picks.
The post This Week’s Awesome Tech Stories From Around the Web (Through October 4) appeared first on SingularityHub.","OpenAIs New Video App Is Jaw-Dropping (for Better and Worse)Mike Isaac and Eli Tan | The New York Times ($)
""After we spent less than a day with the app, what became clear to us was that Sora had go… [+6144 chars]",2025-10-04T14:00:00Z,https://singularityhub.com/2025/10/04/this-weeks-awesome-tech-stories-from-around-the-web-through-october-4/,Singularity Hub,Artificial Intelligence,2025-10-04,"This Weeks Awesome Tech Stories From Around the Web Through October 4 Every week, we scour the web for important, insightful, and fascinating stories in science and technology. These are our latest picks.The post This Weeks Awesome Tech Stories From Around the Web Through October 4 appeared first on SingularityHub.",Neutral,0.0
Tech buyouts have heated up. These 8 companies could be next.,"Deals in the tech sector globally totaled $511 billion this year through the first two weeks of September, up 41% from a year ago, according to the London Stock Exchange Group.","Growing interest in artificial intelligence assets and ready credit are fueling a buying binge of tech companies.
Deals in the tech sector globally totaled $511 billion this year through the first t… [+3930 chars]",2025-10-04T13:43:16Z,https://www.livemint.com/companies/news/tech-buyouts-have-heated-up-these-8-companies-could-be-next-11759585187734.html,Livemint,Artificial Intelligence,2025-10-04,"Tech buyouts have heated up. These 8 companies could be next. Deals in the tech sector globally totaled 511 billion this year through the first two weeks of September, up 41 from a year ago, according to the London Stock Exchange Group.",Neutral,0.0
Google debuts new Nest Doorbell and Nest Cams with 2K video and upgraded AI features,"Welcome to the Gemini era of Google Home, powered by our most capable AI yet. Today we’re introducing:✨ The next generation of Gemini-powered Nest Cams and Doorbell — and the new Google Home Speaker✨ Gemini for Home, so you can talk and collaborate more natur…","Welcome to the Gemini era of Google Home, powered by our most capable AI yet. Today were introducing:The next generation of Gemini-powered Nest Cams and Doorbell and the new Google Home SpeakerGemini… [+2840 chars]",2025-10-04T13:35:00Z,https://techpinions.com/google-debuts-new-nest-doorbell-and-nest-cams-with-2k-video-and-upgraded-ai-features/,Techpinions.com,Artificial Intelligence,2025-10-04,"Google debuts new Nest Doorbell and Nest Cams with 2K video and upgraded AI features Welcome to the Gemini era of Google Home, powered by our most capable AI yet. Today were introducing: The next generation of Gemini-powered Nest Cams and Doorbell and the new Google Home Speaker Gemini for Home, so you can talk and collaborate more natur",Neutral,0.0
"On Truth Social, Trump has embraced AI media to attack foes and boost his image","Not long before midnight on Thursday, with the government shutdown underway, President Donald Trump posted a video to Truth Social of himself in the Oval Office appearing to throw one of his red hats onto someone’s head as the Village People’s “Y.M.C.A.”","Not long before midnight on Thursday, with the government shutdown underway, President Donald Trump posted a video to Truth Social of himself in the Oval Office appearing to throw one of his red hats… [+11502 chars]",2025-10-04T13:34:00Z,https://www.nbcnews.com/tech/internet/truth-social-trump-embraced-ai-media-attack-foes-boost-image-rcna234978,NBC News,Artificial Intelligence,2025-10-04,"On Truth Social, Trump has embraced AI media to attack foes and boost his image Not long before midnight on Thursday, with the government shutdown underway, President Donald Trump posted a video to Truth Social of himself in the Oval Office appearing to throw one of his red hats onto someones head as the Village Peoples Y.M.C.A.",Neutral,0.0
How to use tech in the garden and still keep your serenity,Gardening tech is evolving to make plant care easier and more efficient.,"By JESSICA DAMIANO
Gardening tools are evolving to incorporate technology including artificial intelligence to help us keep plants healthier, avoid unpleasant tasks and even grow crops indoors over … [+2336 chars]",2025-10-04T13:30:17Z,https://www.bostonherald.com/2025/10/04/gardening-tech/,Boston Herald,Artificial Intelligence,2025-10-04,How to use tech in the garden and still keep your serenity Gardening tech is evolving to make plant care easier and more efficient.,Neutral,0.0
Cut Busywork and Boost Your Productivity Skills With This Automation and AI Resource,"Disclosure: Our goal is to feature products and services that we think you'll find interesting and useful. If you purchase them, Entrepreneur may get a small share of the revenue from the sale from our commerce partners.
Smart professionals aren’t just learni…","Disclosure: Our goal is to feature products and services that we think you'll find interesting and useful. If you purchase them, Entrepreneur may get a small share of the revenue from the sale from o… [+140 chars]",2025-10-04T13:27:35Z,https://biztoc.com/x/f38c1d49d2a546b5,Biztoc.com,Artificial Intelligence,2025-10-04,"Cut Busywork and Boost Your Productivity Skills With This Automation and AI Resource Disclosure: Our goal is to feature products and services that we think you'll find interesting and useful. If you purchase them, Entrepreneur may get a small share of the revenue from the sale from our commerce partners.Smart professionals arent just learni",Neutral,0.0
Meta VP: AI is the best thing in advertising – if we use it right,"The global economy is undergoing a profound transformation, with one topic dominating executive suites and boardroom discussions: artificial intelligence (AI). AI is no longer a distant concept; it’s fundamentally changing how companies innovate, engage with …","The global economy is undergoing a profound transformation, with one topic dominating executive suites and boardroom discussions: artificial intelligence (AI). AI is no longer a distant concept; its … [+143 chars]",2025-10-04T13:27:11Z,https://biztoc.com/x/b19885e6e6469f47,Biztoc.com,Artificial Intelligence,2025-10-04,"Meta VP: AI is the best thing in advertising if we use it right The global economy is undergoing a profound transformation, with one topic dominating executive suites and boardroom discussions: artificial intelligence AI. AI is no longer a distant concept; its fundamentally changing how companies innovate, engage with",Neutral,0.0
DC’s shutdown hasn't stopped the stock market. Here’s what may,The U.S. stock market continues to rise despite the government's latest shutdown,"NEW YORK -- NEW YORK (AP) If the U.S. government's latest shutdown can't stop the stock market, what can? 
Stock prices keep rising, even as the shutdown delays important economic reports that usual… [+5255 chars]",2025-10-04T13:25:56Z,https://abcnews.go.com/Business/wireStory/dcs-shutdown-stopped-stock-market-heres-126214384,ABC News,Artificial Intelligence,2025-10-04,DCs shutdown hasn't stopped the stock market. Heres what may The U.S. stock market continues to rise despite the government's latest shutdown,Neutral,0.0
AI is burning out workers instead of helping them,"A new white paper from the University of Phoenix argues that AI adoption in the workplace is fueling burnout instead of easing it. Written by Dr. Jessica Sylvester, Reinventing Productivity: Aligning AI Innovation with Human Potential in the Modern Workforce …","A new white paper from the University of Phoenix argues that AI adoption in the workplace is fueling burnout instead of easing it. Written by Dr. Jessica Sylvester, Reinventing Productivity: Aligning… [+832 chars]",2025-10-04T13:12:36Z,https://slashdot.org/submission/17341110/ai-is-burning-out-workers-instead-of-helping-them,Slashdot.org,Artificial Intelligence,2025-10-04,"AI is burning out workers instead of helping them A new white paper from the University of Phoenix argues that AI adoption in the workplace is fueling burnout instead of easing it. Written by Dr. Jessica Sylvester, Reinventing Productivity: Aligning AI Innovation with Human Potential in the Modern Workforce",Neutral,0.0
Meta VP: AI is the best thing in advertising – if we use it right,"I worked in the ad industry for two decades, and every marketer and brand at Cannes Lions is actively exploring how to partner and invest the right way.","The global economy is undergoing a profound transformation, with one topic dominating executive suites and boardroom discussions: artificial intelligence (AI). AI is no longer a distant concept; its … [+4602 chars]",2025-10-04T13:10:00Z,https://fortune.com/2025/10/04/meta-vp-ai-is-the-best-thing-in-advertising-if-we-use-it-right/,Fortune,Artificial Intelligence,2025-10-04,"Meta VP: AI is the best thing in advertising if we use it right I worked in the ad industry for two decades, and every marketer and brand at Cannes Lions is actively exploring how to partner and invest the right way.",Neutral,0.0
Meta VP: AI is the best thing in advertising – if we use it right,"I worked in the ad industry for two decades, and every marketer and brand at Cannes Lions is actively exploring how to partner and invest the right way.","The global economy is undergoing a profound transformation, with one topic dominating executive suites and boardroom discussions: artificial intelligence (AI). AI is no longer a distant concept; its … [+4652 chars]",2025-10-04T13:10:00Z,https://finance.yahoo.com/news/meta-vp-ai-best-thing-131000643.html,Yahoo Entertainment,Artificial Intelligence,2025-10-04,"Meta VP: AI is the best thing in advertising if we use it right I worked in the ad industry for two decades, and every marketer and brand at Cannes Lions is actively exploring how to partner and invest the right way.",Neutral,0.0
DC’s shutdown hasn’t stopped the stock market. Here’s what may,"NEW YORK (AP) — If the U.S. government’s latest shutdown can’t stop the stock market, what can? Stock prices keep rising, even as the shutdown delays important economic reports that usually steer trading. The S&P 500 and Dow Jones Industrial Average set all-t…","NEW YORK (AP) If the U.S. governments latest shutdown cant stop the stock market, what can?
THIS CONTENT IS RESERVED FOR SUBSCRIBERS ONLY
Subscribe now to read the latest news in your city and acro… [+5097 chars]",2025-10-04T13:02:40Z,https://financialpost.com/pmn/dcs-shutdown-hasnt-stopped-the-stock-market-heres-what-may,Financial Post,Artificial Intelligence,2025-10-04,"DCs shutdown hasnt stopped the stock market. Heres what may NEW YORK AP If the U.S. governments latest shutdown cant stop the stock market, what can? Stock prices keep rising, even as the shutdown delays important economic reports that usually steer trading. The SP 500 and Dow Jones Industrial Average set all-t",Neutral,0.0
Why Fears of a Trillion-Dollar AI Bubble Are Growing,"Tech firms are spending hundreds of billions of dollars on advanced chips and data centers, not just to keep pace with a surge in the use of chatbots such as...","Construction of the first Stargate AI data center, in Abilene, Texas.Photographer: Kyle Grillot/Bloomberg
The concerns have followed Nvidia, to varying degrees, for much of the boom. The dominant ma… [+13188 chars]",2025-10-04T13:00:08Z,https://finance.yahoo.com/news/why-fears-trillion-dollar-ai-130008034.html,Yahoo Entertainment,Artificial Intelligence,2025-10-04,"Why Fears of a Trillion-Dollar AI Bubble Are Growing Tech firms are spending hundreds of billions of dollars on advanced chips and data centers, not just to keep pace with a surge in the use of chatbots such as...",Neutral,0.0
Code Development With AI: Where Do I Start?,"The first article in this series looks into how AI can help you and how you can help AI.
This post was first published on eLearning Industry.","Think. Ask. Reflect. Code. Iterate.
I'm not a programmer or software engineer.
Good! If you were a professional software engineer paid to code, this article series would most likely recap what you … [+13497 chars]",2025-10-04T13:00:03Z,https://elearningindustry.com/code-development-with-ai-where-do-i-start,Elearningindustry.com,Artificial Intelligence,2025-10-04,Code Development With AI: Where Do I Start? The first article in this series looks into how AI can help you and how you can help AI.This post was first published on eLearning Industry.,Neutral,0.0
The Devil’s Algorithm: Unplugging from the Climate Matrix,"The deplatforming of climate sceptics parallels a similar process in public health and Covid. During the WHO-proclaimed COVID-19 pandemic, tech platforms colluded to silence contrarian voices such as the highly credentialed authors of the Great Barrington Dec…","From Tilak’s Substack
Tilak Doshi
The world is trapped in a digital Matrix, not unlike the one depicted in the iconic 1999 film (The Matrix) where Morpheus offers Neo a choice: take the blue pill a… [+14674 chars]",2025-10-04T13:00:00Z,https://wattsupwiththat.com/2025/10/04/the-devils-algorithm-unplugging-from-the-climate-matrix/,Wattsupwiththat.com,Artificial Intelligence,2025-10-04,"The Devils Algorithm: Unplugging from the Climate Matrix The deplatforming of climate sceptics parallels a similar process in public health and Covid. During the WHO-proclaimed COVID-19 pandemic, tech platforms colluded to silence contrarian voices such as the highly credentialed authors of the Great Barrington Dec",Neutral,0.0
5 Of The Weirdest Ways People Are Using AI Tools In 2025,The use cases for Artificial Intelligence can expand far beyond one's imagination. These are five of the weirdest ways AI tools are used in 2025.,"There's more that goes into cattle breeding than you might realize. Farmers aim to boost the quality of their cattle through selective breeding, focusing on increasing milk production, improving meat… [+874 chars]",2025-10-04T12:48:51Z,https://www.slashgear.com/1985358/weirdest-ways-people-are-using-ai-tools/,SlashGear,Artificial Intelligence,2025-10-04,5 Of The Weirdest Ways People Are Using AI Tools In 2025 The use cases for Artificial Intelligence can expand far beyond one's imagination. These are five of the weirdest ways AI tools are used in 2025.,Neutral,0.0
 Tudor’s viral quip about Modric: “I hope he has a shocker!”,"On the eve of Juventus-Milan, Igor Tudor brought a moment of levity to the press conference. Watch the entire Serie BKT live with LaB Channel on OneFootball. Click here to purchase LaB Channel for onl...","On the eve of Juventus-Milan, Igor Tudor brought a moment of levity to the press conference.
Watch the entire Serie BKT live with LaB Channel on OneFootball. Click here to purchase LaB Channel for o… [+1322 chars]",2025-10-04T12:46:00Z,https://onefootball.com/en/news/tudors-viral-quip-about-modric-i-hope-he-has-a-shocker-41759987,Onefootball.com,Artificial Intelligence,2025-10-04,"Tudors viral quip about Modric: I hope he has a shocker! On the eve of Juventus-Milan, Igor Tudor brought a moment of levity to the press conference. Watch the entire Serie BKT live with LaB Channel on OneFootball. Click here to purchase LaB Channel for onl...",Neutral,0.0
Inside the uranium plant at the center of U.S. plans to expand nuclear power,Urenco operates the only uranium enrichment plant in the U.S. It is boosting production as the U.S. bans Russian fuel at the same time nuclear demand grows.,"EUNICE, NEW MEXICO Paul Lorskulsint was a shift manager at a brand new uranium enrichment facility deep in the American Southwest when catastrophe struck Japan in 2011.
A massive tsunami and earthqu… [+7700 chars]",2025-10-04T12:40:09Z,https://www.cnbc.com/2025/10/04/urenco-centrus-orano-enriched-uranium-nuclear-russia-ai-data-center.html,CNBC,Artificial Intelligence,2025-10-04,Inside the uranium plant at the center of U.S. plans to expand nuclear power Urenco operates the only uranium enrichment plant in the U.S. It is boosting production as the U.S. bans Russian fuel at the same time nuclear demand grows.,Neutral,0.0
Trump is reviving large sales of coal from public lands. Will anyone want it?,U.S. officials in coming days are set to hold the government’s biggest coal sales in more than a decade.,"BILLINGS, Mont. U.S. officials in the coming days are set to hold the government's biggest coal sales in more than a decade, offering 600 million tons from publicly owned reserves next to strip mines… [+7465 chars]",2025-10-04T12:34:52Z,https://www.ksat.com/business/2025/10/04/trump-is-reviving-large-sales-of-coal-from-public-lands-will-anyone-want-it/,KSAT San Antonio,Artificial Intelligence,2025-10-04,Trump is reviving large sales of coal from public lands. Will anyone want it? U.S. officials in coming days are set to hold the governments biggest coal sales in more than a decade.,Neutral,0.0
"Dybala contract, Allegri’s role, Premier League want Dumfries ","The sixth day of the championship continues after Sassuolo's away victory, which won 1-0 at Bentegodi against Verona.Watch the entire Serie BKT live with LaB Channel on OneFootball. Click here to purc...","The sixth day of the championship continues after Sassuolo's away victory, which won 1-0 at Bentegodi against Verona.
Watch the entire Serie BKT live with LaB Channel on OneFootball. Click here to p… [+4318 chars]",2025-10-04T12:31:00Z,https://onefootball.com/en/news/dybala-contract-allegris-role-premier-league-want-dumfries-41759922,Onefootball.com,Artificial Intelligence,2025-10-04,"Dybala contract, Allegris role, Premier League want Dumfries The sixth day of the championship continues after Sassuolo's away victory, which won 1-0 at Bentegodi against Verona.Watch the entire Serie BKT live with LaB Channel on OneFootball. Click here to purc...",Neutral,0.0
Fox News AI Newsletter: Trump order harnesses AI to fight childhood cancer,Executive order signed by President Donald Trump tasks Robert F. Kennedy Jr.'s MAHA Commission with using AI to find new cures for childhood cancers.,"Welcome to Fox News Artificial Intelligence newsletter with the latest AI technology advancements.
IN TODAYS NEWSLETTER:
- Trump signs executive order to harness AI in fight against childhood cance… [+2533 chars]",2025-10-04T12:30:59Z,https://www.foxnews.com/tech/ai-newsletter-trump-order-harnesses-ai-fight-childhood-cancer,Fox News,Artificial Intelligence,2025-10-04,Fox News AI Newsletter: Trump order harnesses AI to fight childhood cancer Executive order signed by President Donald Trump tasks Robert F. Kennedy Jr.'s MAHA Commission with using AI to find new cures for childhood cancers.,Neutral,0.0
 Pitch invasion during the match: fans protest against club boss,The fans of English second-tier club Sheffield Wednesday have once again brought their protest against club boss Dejphon Chansiri to the stadium. After there were already protests with tennis balls in...,The fans of English second-tier club Sheffield Wednesday have once again brought their protest against club boss Dejphon Chansiri to the stadium. After there were already protests with tennis balls i… [+1190 chars],2025-10-04T12:30:00Z,https://onefootball.com/en/news/pitch-invasion-during-the-match-fans-protest-against-club-boss-41759920,Onefootball.com,Artificial Intelligence,2025-10-04,Pitch invasion during the match: fans protest against club boss The fans of English second-tier club Sheffield Wednesday have once again brought their protest against club boss Dejphon Chansiri to the stadium. After there were already protests with tennis balls in...,Neutral,0.0
Trump is reviving large sales of coal from public lands. Will anyone want it?,"BILLINGS, Mont. (AP) — U.S. officials in the coming days are set to hold the government’s biggest coal sales in more than a decade, offering 600 million tons from publicly owned reserves next to strip mines in Montana and Wyoming. The sales are a signature pi…","Interior Secretary Doug Burgum said Monday that the administration is opening more than 20,000 square miles (52,000 square kilometers) of federal lands to mining. That is an area bigger than New Hamp… [+3398 chars]",2025-10-04T12:22:22Z,https://financialpost.com/pmn/trump-is-reviving-large-sales-of-coal-from-public-lands-will-anyone-want-it,Financial Post,Artificial Intelligence,2025-10-04,"Trump is reviving large sales of coal from public lands. Will anyone want it? BILLINGS, Mont. AP U.S. officials in the coming days are set to hold the governments biggest coal sales in more than a decade, offering 600 million tons from publicly owned reserves next to strip mines in Montana and Wyoming. The sales are a signature pi",Neutral,0.0
Trump wants to mine more coal from public lands as appetite for it lags,U.S. officials in coming days are set to hold the government’s biggest coal sales in more than a decade. About 600 million tons of the fuel will be auctioned from publicly owned reserves next to strip mines in Montana and Wyoming. Data analyzed by The Associa…,"BILLINGS, Mont. (AP) U.S. officials in the coming days are set to hold the governments biggest coal sales in more than a decade, offering 600 million tons from publicly owned reserves next to strip m… [+7299 chars]",2025-10-04T12:19:33Z,https://apnews.com/article/trump-coal-public-lands-sales-3239c138a851b157c340fe3f5d1fc600,Associated Press,Artificial Intelligence,2025-10-04,Trump wants to mine more coal from public lands as appetite for it lags U.S. officials in coming days are set to hold the governments biggest coal sales in more than a decade. About 600 million tons of the fuel will be auctioned from publicly owned reserves next to strip mines in Montana and Wyoming. Data analyzed by The Associa,Neutral,0.0
Trump is reviving large sales of coal from public lands. Will anyone want it?,"U.S. officials in the coming days are set to hold the government's biggest coal sales in more than a decade, offering 600 million tons from publicly owned...","BILLINGS, Mont. (AP) U.S. officials in the coming days are set to hold the government's biggest coal sales in more than a decade, offering 600 million tons from publicly owned reserves next to strip … [+7309 chars]",2025-10-04T12:19:33Z,https://finance.yahoo.com/news/trump-reviving-large-sales-coal-121933968.html,Yahoo Entertainment,Artificial Intelligence,2025-10-04,"Trump is reviving large sales of coal from public lands. Will anyone want it? U.S. officials in the coming days are set to hold the government's biggest coal sales in more than a decade, offering 600 million tons from publicly owned...",Neutral,0.0
The Rock’s MOVIE FLOPS!!! Earns $6M and BUDGET was $70M,"THE ROCK’S NEW MOVIE FLOPS HARD — COULD THIS BE THE END OF HOLLYWOOD’S LAST TRUE MOVIE STAR? Dwayne “The Rock” Johnson has built his career — and his empire — on being unstoppable. But this weekend, the box office told a very different story. His new film, Th…","THE ROCKS NEW MOVIE FLOPS HARD COULD THIS BE THE END OF HOLLYWOODS LAST TRUE MOVIE STAR?
Dwayne The Rock Johnson has built his career and his empire on being unstoppable. But this weekend, the box o… [+3410 chars]",2025-10-04T14:50:16Z,https://mediatakeout.com/the-rocks-movie-flops-earns-6m-and-budget-was-70m/,Mediatakeout.com,Machine Learning,2025-10-04,"The Rocks MOVIE FLOPS!!! Earns 6M and BUDGET was 70M THE ROCKS NEW MOVIE FLOPS HARD COULD THIS BE THE END OF HOLLYWOODS LAST TRUE MOVIE STAR? Dwayne The Rock Johnson has built his career and his empire on being unstoppable. But this weekend, the box office told a very different story. His new film,Th",Neutral,0.0
You're using AI more than you realize: Here's how it powers your everyday tasks,"AI can be used for a lot of boring, mundane things because it does a great job at them. You're using it right now!","(Image credit: Future)
One of the web's longest-running tech columns, Android &amp; Chill is your Saturday discussion of Android, Google, and all things tech.
AI is often a fatigue-inducing buzzwor… [+5518 chars]",2025-10-04T14:48:00Z,https://www.androidcentral.com/apps-software/ai/youre-using-ai-all-the-time-and-might-not-even-know-it,Android Central,Machine Learning,2025-10-04,"You're using AI more than you realize: Here's how it powers your everyday tasks AI can be used for a lot of boring, mundane things because it does a great job at them. You're using it right now!",Neutral,0.0
Autonomous combat aircraft unveiled as Europe’s loyal wingman,"Autonomous fighter planes are popping up all over the place these days as more air forces opt for pilotless loyal wingmen. The latest example is Europe's version, the multi-role Helsing CA-1 Europa, which has just made its public debut.Continue ReadingTags: A…","Autonomous fighter planes are popping up all over the place these days as more air forces opt for pilotless loyal wingmen. The latest example is Europe's version, the multi-role Helsing CA-1 Europa, … [+2896 chars]",2025-10-04T14:03:00Z,https://newatlas.com/ca-1-europa-loyal-wingman/,New Atlas,Machine Learning,2025-10-04,"Autonomous combat aircraft unveiled as Europes loyal wingman Autonomous fighter planes are popping up all over the place these days as more air forces opt for pilotless loyal wingmen. The latest example is Europe's version, the multi-role Helsing CA-1 Europa, which has just made its public debut.Continue ReadingTags: A",Neutral,0.0
nqxpack 0.1.7,"Library to serialise objects arising from scientific and Machine Learning libraries, including NetKet.","A required part of this site couldnt load. This may be due to a browser
 extension, network issues, or browser settings. Please check your
 connection, disable any ad blockers, or try using a diffe… [+12 chars]",2025-10-04T13:51:20Z,https://pypi.org/project/nqxpack/0.1.7/,Pypi.org,Machine Learning,2025-10-04,"nqxpack 0.1.7 Library to serialise objects arising from scientific and Machine Learning libraries, including NetKet.",Neutral,0.0
"At 58, Tom Cillo is tackling his dream of playing college football","Despite the physical and financial risks, a 58-year-old Lycoming College freshman is determined to succeed. He balances school, football, and caring for his mother.","WILLIAMSPORT, Pa. The shouts of Yeah, Tom! started the moment Tom Cillo crossed the white paint on the sideline and stepped onto the field at Girardi Stadium.
After a couple of bounces to expend som… [+22430 chars]",2025-10-04T13:30:00Z,https://www.stltoday.com/sports/college/football/article_44453d3d-842c-51c8-875e-5cf8cc37893f.html,STLtoday.com,Machine Learning,2025-10-04,"At 58, Tom Cillo is tackling his dream of playing college football Despite the physical and financial risks, a 58-year-old Lycoming College freshman is determined to succeed. He balances school, football, and caring for his mother.",Neutral,0.0
Show HN: Unstable Singularity Detector,"### Why I built- Earlier this year, DeepMind published groundbreaking work on detecting unstablesingularities in fluid dynamics—one of the deepest open problems in mathematicalphysics (arXiv:2509.14185).- The challenge? No public code.
- Extreme numerical pre…","Independent re-implementation of unstable singularity detection methods inspired by DeepMind research
Based on the paper ""Discovering new solutions to century-old problems in fluid dynamics"" (blog p… [+21708 chars]",2025-10-04T12:15:15Z,https://github.com/Flamehaven/unstable-singularity-detector,Github.com,Machine Learning,2025-10-04,"Show HN: Unstable Singularity Detector Why I built- Earlier this year, DeepMind published groundbreaking work on detecting unstablesingularities in fluid dynamicsone of the deepest open problems in mathematicalphysics arXiv:2509.14185.- The challenge? No public code.- Extreme numerical pre",Neutral,0.0
The One UI 8.5 leaks that has us most excited about the Samsung Galaxy S26,"We analyze One UI 8.5 leaks and what they reveal about the Galaxy S26, plus news of Handoff coming to Android & a new Pixel Watch feature.","00:00 Mishaal Rahman: The floodgates have opened for One UI 8.5 leaks, giving us an early glimpse of the software features that will arrive on the Samsung Galaxy S26.
00:08 C. Scott Brown: And Googl… [+55325 chars]",2025-10-04T12:00:16Z,https://www.androidauthority.com/authority-insights-podcast-007-3603279/,Android Authority,Machine Learning,2025-10-04,"The One UI 8.5 leaks that has us most excited about the Samsung Galaxy S26 We analyze One UI 8.5 leaks and what they reveal about the Galaxy S26, plus news of Handoff coming to Android a new Pixel Watch feature.",Neutral,0.0
Apple Glasses Rumored For Next Year With These Features,"The Apple Glasses are coming next year, according to rumors, and it will bring new features for users who'll purchase to enjoy.","The main priority of Apple now is its upcoming Apple Glasses that have been rumored for release next year.
The Apple Glasses is said to be an AI-first device, with the machine learning technology be… [+2060 chars]",2025-10-04T11:30:20Z,https://www.ibtimes.com/apple-glasses-rumored-next-year-these-features-3785562,International Business Times,Machine Learning,2025-10-04,"Apple Glasses Rumored For Next Year With These Features The Apple Glasses are coming next year, according to rumors, and it will bring new features for users who'll purchase to enjoy.",Neutral,0.0
dragon-ml-toolbox 10.2.1,A collection of tools for data science and machine learning projects.,"A required part of this site couldnt load. This may be due to a browser
 extension, network issues, or browser settings. Please check your
 connection, disable any ad blockers, or try using a diffe… [+12 chars]",2025-10-04T11:25:40Z,https://pypi.org/project/dragon-ml-toolbox/10.2.1/,Pypi.org,Machine Learning,2025-10-04,dragon-ml-toolbox 10.2.1 A collection of tools for data science and machine learning projects.,Neutral,0.0
"Despite AI-related job loss fears, tech hiring holds steady - and here are the most in-demand skills","Two recent surveys, from ManpowerGroup and UpWork, show optimism for tech-related hiring for both jobs and gigs, now and into the remainder of the quarter.","NeoLeo/iStock / Getty Images Plus
Follow ZDNET: Add us as a preferred source on Google.
ZDNET's key takeaways
<ul><li>Tech hiring for the next quarter is steady compared to a year ago.</li><li>AI … [+5774 chars]",2025-10-04T10:00:32Z,https://www.zdnet.com/article/despite-ai-related-job-loss-fears-tech-hiring-holds-steady-and-here-are-the-most-in-demand-skills/,ZDNet,Machine Learning,2025-10-04,"Despite AI-related job loss fears, tech hiring holds steady - and here are the most in-demand skills Two recent surveys, from ManpowerGroup and UpWork, show optimism for tech-related hiring for both jobs and gigs, now and into the remainder of the quarter.",Neutral,0.0
"Gear News of the Week: Adobe Premiere Lands on iPhone, and Nothing Lets You Design Your Own Widgets","Plus: Whoop lets you order blood tests, Arlo refreshes its security camera lineup, and Roland unveils a new analog drum machine.","Adobe has had a busy year designing and redesigning a number of its most popular apps for mobile, and Premiere for iPhone is the latesta mobile-first video editing workflow that adapts most of the to… [+4821 chars]",2025-10-04T10:00:00Z,https://www.wired.com/story/gear-news-of-the-week-adobe-premiere-lands-on-iphone-and-nothing-lets-you-design-your-own-widgets/,Wired,Machine Learning,2025-10-04,"Gear News of the Week: Adobe Premiere Lands on iPhone, and Nothing Lets You Design Your Own Widgets Plus: Whoop lets you order blood tests, Arlo refreshes its security camera lineup, and Roland unveils a new analog drum machine.",Neutral,0.0
Show HN: The Little Book of Maths for LLMs-The maths you need to understand LLMs,"Article URL: https://little-book-of.github.io/maths-for-llms/books/en-US/book.html
Comments URL: https://news.ycombinator.com/item?id=45471893
Points: 2
# Comments: 1","Licensed under CC BY-NC-SA 4.0.This is a book about how numbers learn to speak.Inside, youll find the gentle mathematics that powers every large language model,from simple counting and geometry to pr… [+331641 chars]",2025-10-04T09:07:32Z,https://little-book-of.github.io/maths-for-llms/books/en-US/book.html,Github.io,Machine Learning,2025-10-04,Show HN: The Little Book of Maths for LLMs-The maths you need to understand LLMs Article URL: Comments URL: Points: 2 Comments: 1,Neutral,0.0
Self-host your own search engine with YaCy and Docker,"I found the benefits of self-hosting a decentralized search engine using YaCy, an open-source platform that prioritizes privacy.","The way we search for information has changed, and it's only set to expedite as we move into the world of artificial intelligence. We've seen this already with the more popular search engines favorin… [+6147 chars]",2025-10-04T09:00:20Z,https://www.xda-developers.com/built-my-own-search-engine-decentralized-web-crawling-tool/,XDA Developers,Machine Learning,2025-10-04,"Self-host your own search engine with YaCy and Docker I found the benefits of self-hosting a decentralized search engine using YaCy, an open-source platform that prioritizes privacy.",Neutral,0.0
Rezolve AI Target of Unusually Large Options Trading (NASDAQ:RZLV),"Rezolve AI PLC (NASDAQ:RZLV – Get Free Report) was the target of some unusual options trading activity on Friday. Investors acquired 22,797 call options on the company. This is an increase of approximately 65% compared to the average daily volume of 13,810 ca…","Rezolve AI PLC (NASDAQ:RZLV – Get Free Report) was the target of some unusual options trading activity on Friday. Investors acquired 22,797 call options on the company. This is an increase of approxi… [+3019 chars]",2025-10-04T08:23:03Z,https://www.etfdailynews.com/2025/10/04/rezolve-ai-target-of-unusually-large-options-trading-nasdaqrzlv/,ETF Daily News,Machine Learning,2025-10-04,"Rezolve AI Target of Unusually Large Options Trading NASDAQ:RZLV Rezolve AI PLC NASDAQ:RZLV Get Free Report was the target of some unusual options trading activity on Friday. Investors acquired 22,797 call options on the company. This is an increase of approximately 65 compared to the average daily volume of 13,810 ca",Neutral,0.0
Riskified (NYSE:RSKD) Rating Increased to Buy at Wall Street Zen,Wall Street Zen upgraded shares of Riskified (NYSE:RSKD – Free Report) from a hold rating to a buy rating in a report issued on Friday morning. Several other analysts also recently weighed in on the stock. UBS Group decreased their price target on shares of R…,"Wall Street Zen upgraded shares of Riskified (NYSE:RSKD – Free Report) from a hold rating to a buy rating in a report issued on Friday morning.
Several other analysts also recently weighed in on the… [+4278 chars]",2025-10-04T08:23:02Z,https://www.etfdailynews.com/2025/10/04/riskified-nyserskd-rating-increased-to-buy-at-wall-street-zen/,ETF Daily News,Machine Learning,2025-10-04,Riskified NYSE:RSKD Rating Increased to Buy at Wall Street Zen Wall Street Zen upgraded shares of Riskified NYSE:RSKD Free Report from a hold rating to a buy rating in a report issued on Friday morning. Several other analysts also recently weighed in on the stock. UBS Group decreased their price target on shares of R,Neutral,0.0
Rezolve AI (NASDAQ:RZLV) Price Target Raised to $7.00,"Rezolve AI (NASDAQ:RZLV – Get Free Report) had its price objective lifted by research analysts at Northland Securities from $5.00 to $7.00 in a report issued on Thursday, Marketbeat Ratings reports. The firm presently has an “outperform” rating on the stock. …","Rezolve AI (NASDAQ:RZLV – Get Free Report) had its price objective lifted by research analysts at Northland Securities from $5.00 to $7.00 in a report issued on Thursday, Marketbeat Ratings reports. … [+3143 chars]",2025-10-04T07:28:53Z,https://www.etfdailynews.com/2025/10/04/rezolve-ai-nasdaqrzlv-price-target-raised-to-7-00/,ETF Daily News,Machine Learning,2025-10-04,"Rezolve AI NASDAQ:RZLV Price Target Raised to 7.00 Rezolve AI NASDAQ:RZLV Get Free Report had its price objective lifted by research analysts at Northland Securities from 5.00 to 7.00 in a report issued on Thursday, Marketbeat Ratings reports. The firm presently has an outperform rating on the stock.",Neutral,0.0
Northland Capmk Has Weak Outlook for Rezolve AI Q4 Earnings,"Rezolve AI PLC (NASDAQ:RZLV – Free Report) – Equities research analysts at Northland Capmk dropped their Q4 2026 earnings per share estimates for shares of Rezolve AI in a research note issued on Wednesday, October 1st. Northland Capmk analyst M. Latimore now…",Rezolve AI PLC (NASDAQ:RZLV – Free Report) – Equities research analysts at Northland Capmk dropped their Q4 2026 earnings per share estimates for shares of Rezolve AI in a research note issued on Wed… [+3053 chars],2025-10-04T06:48:57Z,https://www.etfdailynews.com/2025/10/04/northland-capmk-has-weak-outlook-for-rezolve-ai-q4-earnings/,ETF Daily News,Machine Learning,2025-10-04,"Northland Capmk Has Weak Outlook for Rezolve AI Q4 Earnings Rezolve AI PLC NASDAQ:RZLV Free Report Equities research analysts at Northland Capmk dropped their Q4 2026 earnings per share estimates for shares of Rezolve AI in a research note issued on Wednesday, October 1st. Northland Capmk analyst M. Latimore now",Neutral,0.0
Jane Goodall’s Lesson: Rethinking Intelligence,"s we forge partnerships between natural and artificial intelligences, have we absorbed the most vital lesson from her research, that intelligence itself is plural?","Chimpanzee looking directly at the camera
getty
When Jane Goodall arrived at Tanzania's Gombe Stream in 1960, she carried neither a doctoral degree nor conventional scientific training. What she po… [+12045 chars]",2025-10-04T06:18:39Z,https://www.forbes.com/sites/corneliawalther/2025/10/04/jane-goodalls-lesson-rethinking-intelligence/,Forbes,Machine Learning,2025-10-04,"Jane Goodalls Lesson: Rethinking Intelligence s we forge partnerships between natural and artificial intelligences, have we absorbed the most vital lesson from her research, that intelligence itself is plural?",Neutral,0.0
Rezolve AI (NASDAQ:RZLV) Shares Up 8.1% on Analyst Upgrade,"Shares of Rezolve AI PLC (NASDAQ:RZLV – Get Free Report) were up 8.1% on Friday after Wall Street Zen upgraded the stock from a sell rating to a hold rating. The company traded as high as $7.58 and last traded at $6.79. Approximately 54,650,807 shares traded …",Shares of Rezolve AI PLC (NASDAQ:RZLV – Get Free Report) were up 8.1% on Friday after Wall Street Zen upgraded the stock from a sell rating to a hold rating. The company traded as high as $7.58 and l… [+2921 chars],2025-10-04T06:14:51Z,https://www.etfdailynews.com/2025/10/04/rezolve-ai-nasdaqrzlv-shares-up-8-1-on-analyst-upgrade/,ETF Daily News,Machine Learning,2025-10-04,"Rezolve AI NASDAQ:RZLV Shares Up 8.1 on Analyst Upgrade Shares of Rezolve AI PLC NASDAQ:RZLV Get Free Report were up 8.1 on Friday after Wall Street Zen upgraded the stock from a sell rating to a hold rating. The company traded as high as 7.58 and last traded at 6.79. Approximately 54,650,807 shares traded",Neutral,0.0
Critical Analysis: Genpact (NYSE:G) & BigBear.ai (NYSE:BBAI),"Genpact (NYSE:G – Get Free Report) and BigBear.ai (NYSE:BBAI – Get Free Report) are both mid-cap computer and technology companies, but which is the better investment? We will contrast the two businesses based on the strength of their profitability, analyst r…","Genpact (NYSE:G – Get Free Report) and BigBear.ai (NYSE:BBAI – Get Free Report) are both mid-cap computer and technology companies, but which is the better investment? We will contrast the two busine… [+5771 chars]",2025-10-04T06:10:55Z,https://www.etfdailynews.com/2025/10/04/critical-analysis-genpact-nyseg-bigbear-ai-nysebbai/,ETF Daily News,Machine Learning,2025-10-04,"Critical Analysis: Genpact NYSE:G BigBear.ai NYSE:BBAI Genpact NYSE:G Get Free Report and BigBear.ai NYSE:BBAI Get Free Report are both mid-cap computer and technology companies, but which is the better investment? We will contrast the two businesses based on the strength of their profitability, analyst r",Neutral,0.0
"Ozak AI Presale Nears $3.5M, Investors Bet Big on AI Altcoins","ROAD TOWN, British Virgin Islands, Oct. 04, 2025 (GLOBE NEWSWIRE) -- Crypto markets in 2025 are defined by means of narratives, and one of the strongest is the rise of AI-driven altcoins. While Bitcoin, Ethereum, and Solana dominate headlines with their stead…","ROAD TOWN, British Virgin Islands, Oct. 04, 2025 (GLOBE NEWSWIRE) -- Crypto markets in 2025 are defined by means of narratives, and one of the strongest is the rise of AI-driven altcoins. While Bitco… [+7942 chars]",2025-10-04T05:57:00Z,https://www.globenewswire.com/news-release/2025/10/04/3161259/0/en/Ozak-AI-Presale-Nears-3-5M-Investors-Bet-Big-on-AI-Altcoins.html,GlobeNewswire,Machine Learning,2025-10-04,"Ozak AI Presale Nears 3.5M, Investors Bet Big on AI Altcoins ROAD TOWN, British Virgin Islands, Oct. 04, 2025 GLOBE NEWSWIRE -- Crypto markets in 2025 are defined by means of narratives, and one of the strongest is the rise of AI-driven altcoins. While Bitcoin, Ethereum, and Solana dominate headlines with their stead",Neutral,0.0
Viasat (NASDAQ:VSAT) Rating Lowered to Strong Sell at Barclays,"Barclays downgraded shares of Viasat (NASDAQ:VSAT – Free Report) from an equal weight rating to a strong sell rating in a report published on Wednesday morning, MarketBeat reports. Barclays currently has $23.00 target price on the communications equipment pro…","Barclays downgraded shares of Viasat (NASDAQ:VSAT – Free Report) from an equal weight rating to a strong sell rating in a report published on Wednesday morning, MarketBeat reports. Barclays currently… [+5650 chars]",2025-10-04T05:56:50Z,https://www.etfdailynews.com/2025/10/04/viasat-nasdaqvsat-rating-lowered-to-strong-sell-at-barclays/,ETF Daily News,Machine Learning,2025-10-04,"Viasat NASDAQ:VSAT Rating Lowered to Strong Sell at Barclays Barclays downgraded shares of Viasat NASDAQ:VSAT Free Report from an equal weight rating to a strong sell rating in a report published on Wednesday morning, MarketBeat reports. Barclays currently has 23.00 target price on the communications equipment pro",Neutral,0.0
WhiteFiber (NASDAQ:WYFI) Earns Buy Rating from Analysts at HC Wainwright,"HC Wainwright started coverage on shares of WhiteFiber (NASDAQ:WYFI – Free Report) in a research report sent to investors on Wednesday morning, Marketbeat Ratings reports. The brokerage issued a buy rating and a $34.00 price objective on the stock. HC Wainwri…","HC Wainwright started coverage on shares of WhiteFiber (NASDAQ:WYFI – Free Report) in a research report sent to investors on Wednesday morning, Marketbeat Ratings reports. The brokerage issued a buy … [+2085 chars]",2025-10-04T05:56:48Z,https://www.etfdailynews.com/2025/10/04/whitefiber-nasdaqwyfi-earns-buy-rating-from-analysts-at-hc-wainwright/,ETF Daily News,Machine Learning,2025-10-04,"WhiteFiber NASDAQ:WYFI Earns Buy Rating from Analysts at HC Wainwright HC Wainwright started coverage on shares of WhiteFiber NASDAQ:WYFI Free Report in a research report sent to investors on Wednesday morning, Marketbeat Ratings reports. The brokerage issued a buy rating and a 34.00 price objective on the stock. HC Wainwri",Neutral,0.0
Everyday rsync – VKC.sh | Veronica Explains,A blog post about using (and appreciating) rsync.,"tldr: my favorite rsync flags are -av. I use –delete when I’m trying to keep a remote folder in sync with the source. And –dry-run is critical for avoiding mistakes.
I use rsync every day for backin… [+9197 chars]",2025-10-04T05:47:01Z,https://vkc.sh/everyday-rsync/,Vkc.sh,Machine Learning,2025-10-04,Everyday rsync VKC.sh Veronica Explains A blog post about using and appreciating rsync.,Neutral,0.0
Analysts Set Riskified Ltd. (NYSE:RSKD) Price Target at $5.82,"Shares of Riskified Ltd. (NYSE:RSKD – Get Free Report) have received an average rating of “Hold” from the eight research firms that are presently covering the company, Marketbeat Ratings reports. Three research analysts have rated the stock with a sell rating…","Shares of Riskified Ltd. (NYSE:RSKD – Get Free Report) have received an average rating of “Hold” from the eight research firms that are presently covering the company, Marketbeat Ratings reports. Thr… [+4129 chars]",2025-10-04T05:38:54Z,https://www.etfdailynews.com/2025/10/04/analysts-set-riskified-ltd-nyserskd-price-target-at-5-82/,ETF Daily News,Machine Learning,2025-10-04,"Analysts Set Riskified Ltd. NYSE:RSKD Price Target at 5.82 Shares of Riskified Ltd. NYSE:RSKD Get Free Report have received an average rating of Hold from the eight research firms that are presently covering the company, Marketbeat Ratings reports. Three research analysts have rated the stock with a sell rating",Neutral,0.0
Q3 Earnings Forecast for WhiteFiber Issued By HC Wainwright,"WhiteFiber, Inc. (NASDAQ:WYFI – Free Report) – Equities research analysts at HC Wainwright issued their Q3 2025 earnings per share estimates for WhiteFiber in a research note issued on Wednesday, October 1st. HC Wainwright analyst K. Dede forecasts that the c…","WhiteFiber, Inc. (NASDAQ:WYFI – Free Report) – Equities research analysts at HC Wainwright issued their Q3 2025 earnings per share estimates for WhiteFiber in a research note issued on Wednesday, Oct… [+2289 chars]",2025-10-04T05:14:50Z,https://www.etfdailynews.com/2025/10/04/q3-earnings-forecast-for-whitefiber-issued-by-hc-wainwright/,ETF Daily News,Machine Learning,2025-10-04,"Q3 Earnings Forecast for WhiteFiber Issued By HC Wainwright WhiteFiber, Inc. NASDAQ:WYFI Free Report Equities research analysts at HC Wainwright issued their Q3 2025 earnings per share estimates for WhiteFiber in a research note issued on Wednesday, October 1st. HC Wainwright analyst K. Dede forecasts that the c",Neutral,0.0
Promising Artificial Intelligence Stocks To Follow Today – October 2nd,"SoundHound AI, Tempus AI, and BigBear.ai are the three Artificial Intelligence stocks to watch today, according to MarketBeat’s stock screener tool. Artificial intelligence stocks are shares of publicly traded companies that develop, produce or integrate AI t…","SoundHound AI, Tempus AI, and BigBear.ai are the three Artificial Intelligence stocks to watch today, according to MarketBeat’s stock screener tool. Artificial intelligence stocks are shares of publi… [+2520 chars]",2025-10-04T05:03:19Z,https://www.etfdailynews.com/2025/10/04/promising-artificial-intelligence-stocks-to-follow-today-october-2nd/,ETF Daily News,Machine Learning,2025-10-04,"Promising Artificial Intelligence Stocks To Follow Today October 2nd SoundHound AI, Tempus AI, and BigBear.ai are the three Artificial Intelligence stocks to watch today, according to MarketBeats stock screener tool. Artificial intelligence stocks are shares of publicly traded companies that develop, produce or integrate AI t",Neutral,0.0
A night with the Garda Armed Support Unit: ‘Nobody can tell you when to pull the trigger or not’,"For the first time, the Garda’s ASU permits a reporter to accompany it on patrol around Dublin, its busiest area","It may be almost 50km from Dublins south inner city to Delgany, Co Wicklow, but the Garda Armed Support Units (ASU) Audi Q7 Quattro makes light work of the journey. 
The vehicle can travel at speeds… [+12930 chars]",2025-10-04T05:00:00Z,https://www.irishtimes.com/crime-law/2025/10/04/a-night-with-the-armed-support-unit-nobody-can-tell-you-when-to-pull-the-trigger-or-not/,The Irish Times,Machine Learning,2025-10-04,"A night with the Garda Armed Support Unit: Nobody can tell you when to pull the trigger or not For the first time, the Gardas ASU permits a reporter to accompany it on patrol around Dublin, its busiest area",Neutral,0.0
Scientists grow mini human brains to power computers,BBC News goes inside the lab powering computers with 'mini brains' grown from human cells.,"Zoe KleinmanTechnology editor
The building blocks for a biocomputer growing in a lab
It may have its roots in science fiction, but a small number of researchers are making real progress trying to c… [+6564 chars]",2025-10-04T01:39:04Z,https://www.bbc.com/news/articles/cy7p1lzvxjro,BBC News,Machine Learning,2025-10-04,Scientists grow mini human brains to power computers BBC News goes inside the lab powering computers with 'mini brains' grown from human cells.,Neutral,0.0
dragon-ml-toolbox 10.2.0,A collection of tools for data science and machine learning projects.,"A required part of this site couldnt load. This may be due to a browser
 extension, network issues, or browser settings. Please check your
 connection, disable any ad blockers, or try using a diffe… [+12 chars]",2025-10-04T01:05:17Z,https://pypi.org/project/dragon-ml-toolbox/10.2.0/,Pypi.org,Machine Learning,2025-10-04,dragon-ml-toolbox 10.2.0 A collection of tools for data science and machine learning projects.,Neutral,0.0
"Show HN: RenderarXiv – Search ArXiv from terminal, HTML to read/paste into LLM","Terminal tool to search arXiv papers and render them as beautiful HTML for humans and LLMs

Comments URL: https://news.ycombinator.com/item?id=45469398
Points: 1
# Comments: 0","Search arXiv from your terminal and get beautiful HTML results you can read or copy-paste into ChatGPT/Claude.
No more hallucinated papers everything is real, straight from arXiv.
pip install git+h… [+2333 chars]",2025-10-04T00:33:29Z,https://github.com/peterdunson/renderarxiv,Github.com,Machine Learning,2025-10-04,"Show HN: RenderarXiv Search ArXiv from terminal, HTML to readpaste into LLM Terminal tool to search arXiv papers and render them as beautiful HTML for humans and LLMsComments URL: Points: 1 Comments: 0",Neutral,0.0
Nvidia's stronghold on PC gaming and AMD's failure to save us,"Nvidia's dominance in the GPU market is making PC gaming worse, with high prices and proprietary technologies.","PC gaming has long been at the forefront of pushing the boundaries when it comes to performance, choice, and innovations. We've seen all the vintage packaging that graphics cards and other PC parts u… [+12335 chars]",2025-10-04T00:00:20Z,https://www.xda-developers.com/nvidia-is-making-pc-gaming-worse-amd-isnt-saving-us-either/,XDA Developers,Machine Learning,2025-10-04,"Nvidia's stronghold on PC gaming and AMD's failure to save us Nvidia's dominance in the GPU market is making PC gaming worse, with high prices and proprietary technologies.",Neutral,0.0
Mactores Signs Strategic AWS Partnership to Accelerate Enterprise GenAI Adoption by 80%,"Mactores has partnered with AWS through a Strategic Collaboration Agreement and achieved the AWS Generative AI Competency. This milestone empowers enterprises to modernize data systems, embed GenAI into operations, and achieve faster, measurable outcomes acro…","Mactores has partnered with AWS through a Strategic Collaboration Agreement and achieved the AWS Generative AI Competency. This milestone empowers enterprises to modernize data systems, embed GenAI i… [+4019 chars]",2025-10-03T23:17:00Z,https://www.globenewswire.com/news-release/2025/10/03/3161250/0/en/Mactores-Signs-Strategic-AWS-Partnership-to-Accelerate-Enterprise-GenAI-Adoption-by-80.html,GlobeNewswire,Machine Learning,2025-10-03,"Mactores Signs Strategic AWS Partnership to Accelerate Enterprise GenAI Adoption by 80 Mactores has partnered with AWS through a Strategic Collaboration Agreement and achieved the AWS Generative AI Competency. This milestone empowers enterprises to modernize data systems, embed GenAI into operations, and achieve faster, measurable outcomes acro",Neutral,0.0
"Show HN: TorchSystem, Event driven systems with PyTorch","While doing deep learning experiments, I noticed that it is very hard to write reusable code for training models. There are packages that help track metrics, logs, and checkpoints, but they often create more problems than they solve. As a result, training pip…",This framework will help you to create powerful and scalable systems using the PyTorch library. It is designed under the principles of domain driven design (DDD) and includes built-in message pattern… [+17241 chars],2025-10-03T23:13:39Z,https://github.com/entropy-flux/TorchSystem,Github.com,Machine Learning,2025-10-03,"Show HN: TorchSystem, Event driven systems with PyTorch While doing deep learning experiments, I noticed that it is very hard to write reusable code for training models. There are packages that help track metrics, logs, and checkpoints, but they often create more problems than they solve. As a result, training pip",Neutral,0.0
fennec-ml 0.1.2,Machine Learning tools for LETU FENNEC senior design team,"A required part of this site couldnt load. This may be due to a browser
 extension, network issues, or browser settings. Please check your
 connection, disable any ad blockers, or try using a diffe… [+12 chars]",2025-10-03T23:04:30Z,https://pypi.org/project/fennec-ml/0.1.2/,Pypi.org,Machine Learning,2025-10-03,fennec-ml 0.1.2 Machine Learning tools for LETU FENNEC senior design team,Neutral,0.0
Machine learning guided design of Ce-rich rare earth permanent magnets with outstanding comprehensive magnetic properties,"J. Mater. Chem. C, 2025, Accepted ManuscriptDOI: 10.1039/D5TC03056K, PaperXiaoxiao Zhang, Zhi Yang, Jie Zhang, Weiqiang Liu, Haochuan Yang, Xiaofeng Nie, Haibo Xu, Xiao Chi, Ming YueThe development of high-performance permanent magnets that utilize abundant r…","X. Zhang, Z. Yang, J. Zhang, W. Liu, H. Yang, X. Nie, H. Xu, X. Chi and M. Yue,
 J. Mater. Chem. C, 2025, Accepted Manuscript
, DOI: 10.1039/D5TC03056K
To request permission to reproduce material … [+646 chars]",2025-10-03T23:00:00Z,https://pubs.rsc.org/en/content/articlelanding/2025/tc/d5tc03056k,Royal Society of Chemistry,Machine Learning,2025-10-03,"Machine learning guided design of Ce-rich rare earth permanent magnets with outstanding comprehensive magnetic properties J. Mater. Chem. C, 2025, Accepted ManuscriptDOI: 10.1039D5TC03056K, PaperXiaoxiao Zhang, Zhi Yang, Jie Zhang, Weiqiang Liu, Haochuan Yang, Xiaofeng Nie, Haibo Xu, Xiao Chi, Ming YueThe development of high-performance permanent magnets that utilize abundant r",Neutral,0.0
fennec-ml 0.1.1,Machine Learning tools for LETU FENNEC senior design team,"A required part of this site couldnt load. This may be due to a browser
 extension, network issues, or browser settings. Please check your
 connection, disable any ad blockers, or try using a diffe… [+12 chars]",2025-10-03T22:56:25Z,https://pypi.org/project/fennec-ml/0.1.1/,Pypi.org,Machine Learning,2025-10-03,fennec-ml 0.1.1 Machine Learning tools for LETU FENNEC senior design team,Neutral,0.0
clearner 1.0.1,Learner is a software platform for building production-ready machine learning models without writing any codes.,"A required part of this site couldnt load. This may be due to a browser
 extension, network issues, or browser settings. Please check your
 connection, disable any ad blockers, or try using a diffe… [+12 chars]",2025-10-03T22:54:31Z,https://pypi.org/project/clearner/1.0.1/,Pypi.org,Machine Learning,2025-10-03,clearner 1.0.1 Learner is a software platform for building production-ready machine learning models without writing any codes.,Neutral,0.0
"'Unforgivable Exposure': More than 200,000 industrial systems are needlessly exposed to the web and hackers - and there's no absolutely excuse","New report highlights growing exposure of industrial systems as flaws in water treatment, fuel monitoring and building automation leave critical services open to exploitation.",<ul><li>Growing exposure of industrial systems puts critical services and infrastructure at real risk</li><li>AI helps both defenders and attackers accelerate discovery and exploitation of vulnerabil… [+3270 chars],2025-10-03T22:29:00Z,https://www.techradar.com/pro/security/unforgivable-exposure-more-than-200-000-industrial-systems-are-needlessly-exposed-to-the-web-and-hackers-and-theres-no-absolutely-excuse,TechRadar,Machine Learning,2025-10-03,"'Unforgivable Exposure': More than 200,000 industrial systems are needlessly exposed to the web and hackers - and there's no absolutely excuse New report highlights growing exposure of industrial systems as flaws in water treatment, fuel monitoring and building automation leave critical services open to exploitation.",Neutral,0.0
fennec-ml 0.1.0,Machine Learning tools for LETU FENNEC senior design team,"A required part of this site couldnt load. This may be due to a browser
 extension, network issues, or browser settings. Please check your
 connection, disable any ad blockers, or try using a diffe… [+12 chars]",2025-10-03T22:25:25Z,https://pypi.org/project/fennec-ml/0.1.0/,Pypi.org,Machine Learning,2025-10-03,fennec-ml 0.1.0 Machine Learning tools for LETU FENNEC senior design team,Neutral,0.0
