title,description,content,publishedAt,url,source,topic,date
[Eugene Volokh] Court Especially Concerned About Hallucinations in Criminal Defense Lawyer's Filings,"From California Court of Appeal Justice Judith McConnell, writing for the court Thursday in People v. Alvarez; the lawyer involved...","From California Court of Appeal Justice Judith McConnell, writing for the court Thursday in People v. Alvarez; the lawyer involved has been licensed in California for 54 years:
[A filing in this cas… [+3491 chars]",2025-10-04T14:37:45Z,https://reason.com/volokh/2025/10/04/court-especially-concerned-about-hallucinations-in-criminal-defense-lawyers-filings/,Reason,Artificial Intelligence,2025-10-04
Rumble Inc. (RUM) Surges 14.3% on Partnership with AI Giant,We recently published 10 Stocks With Eye-Popping Double-Digit Gains. Rumble Inc. (NASDAQ:RUM) is one of the top performers on Friday. Rumble Inc. rallied for...,"We recently published 10 Stocks With Eye-Popping Double-Digit Gains. Rumble Inc. (NASDAQ:RUM) is one of the top performers on Friday.
Rumble Inc. rallied for a third straight day on Friday, jumping … [+1885 chars]",2025-10-04T14:32:59Z,https://finance.yahoo.com/news/rumble-inc-rum-surges-14-143259832.html,Yahoo Entertainment,Artificial Intelligence,2025-10-04
DC’s shutdown hasn't stopped the stock market. Here’s what may,The U.S. stock market continues to rise despite the government's latest shutdown. The S&P 500 and Dow Jones Industrial Average hit all-time highs on Friday. It's not just big tech driving the market; the Russell 2000 index of smaller stocks and gold also reac…,"NEW YORK (AP) If the U.S. governments latest shutdown cant stop the stock market, what can? 
Stock prices keep rising, even as the shutdown delays important economic reports that usually steer tradi… [+5350 chars]",2025-10-04T14:29:28Z,https://apnews.com/article/stock-market-rates-records-shutdown-earnings-ai-251fefd075ac658ce498c9d1953efc70,Associated Press,Artificial Intelligence,2025-10-04
The singularity of stupid,"Geoff Brumfiel, ""Kiss reality goodbye: AI-generated social media has arrived"", All Things Considered 10/3/2025: A fascist SpongeBob SquarePants, a dog driving a car and Jesus playing Minecraft – these are just a few of the things you can see as you flip throu…","« previous post | 
Geoff Brumfiel, ""Kiss reality goodbye: AI-generated social media has arrived"", All Things Considered 10/3/2025:
A fascist SpongeBob SquarePants, a dog driving a car and Jesus pla… [+3106 chars]",2025-10-04T14:28:11Z,https://languagelog.ldc.upenn.edu/nll/?p=71406,Upenn.edu,Artificial Intelligence,2025-10-04
The Fed Cut Rates — What This Means for Tesla Stock,The Federal Reserve trimmed its benchmark rate by 0.25 percentage points. But what impact does that have on cyclical stocks like Tesla? Find out more.,"The Federal Reserve trimmed its benchmark rate by 0.25 percentage points, signaling easier borrowing conditions and improved liquidity. According to a Barrons report, this move has rejuvenated invest… [+2370 chars]",2025-10-04T14:22:19Z,https://finance.yahoo.com/news/fed-cut-rates-means-tesla-142219931.html,Yahoo Entertainment,Artificial Intelligence,2025-10-04
The Workplace Shutdown: Prevent Your Team From Grinding To A Halt,"High-performing teams aren’t built on talent alone. Three studies reveal how interpersonal connection drives productivity, innovation, and collective intelligence.","The best performing teams are great not because of the work they do but how they work together. 
getty
Its midnight. The lights dim across thousands of federal offices. Security guards stand at clo… [+7478 chars]",2025-10-04T14:21:57Z,https://www.forbes.com/sites/annkowalsmith/2025/10/04/the-workplace-shutdown-prevent-your-team-from-grinding-to-a-halt/,Forbes,Artificial Intelligence,2025-10-04
Kakao Entertainment Rolls Out Free AI Short-Form Video Tool for Webtoon Creators,"Technology automatically selects key webtoon scenes, transforms them into short clips of around 40 seconds","Image via Kakao Entertainment's website
Kakao Entertainment has launched a new artificial intelligence tool that allows webtoon creators to convert their comics into short-form videos.
The company … [+887 chars]",2025-10-04T14:15:00Z,https://www.animenewsnetwork.com/news/2025-10-04/kakao-entertainment-rolls-out-free-ai-short-form-video-tool-for-webtoon-creators/.229575,Anime News Network,Artificial Intelligence,2025-10-04
This Week’s Awesome Tech Stories From Around the Web (Through October 4),"Every week, we scour the web for important, insightful, and fascinating stories in science and technology. These are our latest picks.
The post This Week’s Awesome Tech Stories From Around the Web (Through October 4) appeared first on SingularityHub.","OpenAIs New Video App Is Jaw-Dropping (for Better and Worse)Mike Isaac and Eli Tan | The New York Times ($)
""After we spent less than a day with the app, what became clear to us was that Sora had go… [+6144 chars]",2025-10-04T14:00:00Z,https://singularityhub.com/2025/10/04/this-weeks-awesome-tech-stories-from-around-the-web-through-october-4/,Singularity Hub,Artificial Intelligence,2025-10-04
Tech buyouts have heated up. These 8 companies could be next.,"Deals in the tech sector globally totaled $511 billion this year through the first two weeks of September, up 41% from a year ago, according to the London Stock Exchange Group.","Growing interest in artificial intelligence assets and ready credit are fueling a buying binge of tech companies.
Deals in the tech sector globally totaled $511 billion this year through the first t… [+3930 chars]",2025-10-04T13:43:16Z,https://www.livemint.com/companies/news/tech-buyouts-have-heated-up-these-8-companies-could-be-next-11759585187734.html,Livemint,Artificial Intelligence,2025-10-04
Google debuts new Nest Doorbell and Nest Cams with 2K video and upgraded AI features,"Welcome to the Gemini era of Google Home, powered by our most capable AI yet. Today we’re introducing:✨ The next generation of Gemini-powered Nest Cams and Doorbell — and the new Google Home Speaker✨ Gemini for Home, so you can talk and collaborate more natur…","Welcome to the Gemini era of Google Home, powered by our most capable AI yet. Today were introducing:The next generation of Gemini-powered Nest Cams and Doorbell and the new Google Home SpeakerGemini… [+2840 chars]",2025-10-04T13:35:00Z,https://techpinions.com/google-debuts-new-nest-doorbell-and-nest-cams-with-2k-video-and-upgraded-ai-features/,Techpinions.com,Artificial Intelligence,2025-10-04
"On Truth Social, Trump has embraced AI media to attack foes and boost his image","Not long before midnight on Thursday, with the government shutdown underway, President Donald Trump posted a video to Truth Social of himself in the Oval Office appearing to throw one of his red hats onto someone’s head as the Village People’s “Y.M.C.A.”","Not long before midnight on Thursday, with the government shutdown underway, President Donald Trump posted a video to Truth Social of himself in the Oval Office appearing to throw one of his red hats… [+11502 chars]",2025-10-04T13:34:00Z,https://www.nbcnews.com/tech/internet/truth-social-trump-embraced-ai-media-attack-foes-boost-image-rcna234978,NBC News,Artificial Intelligence,2025-10-04
How to use tech in the garden and still keep your serenity,Gardening tech is evolving to make plant care easier and more efficient.,"By JESSICA DAMIANO
Gardening tools are evolving to incorporate technology including artificial intelligence to help us keep plants healthier, avoid unpleasant tasks and even grow crops indoors over … [+2336 chars]",2025-10-04T13:30:17Z,https://www.bostonherald.com/2025/10/04/gardening-tech/,Boston Herald,Artificial Intelligence,2025-10-04
Cut Busywork and Boost Your Productivity Skills With This Automation and AI Resource,"Disclosure: Our goal is to feature products and services that we think you'll find interesting and useful. If you purchase them, Entrepreneur may get a small share of the revenue from the sale from our commerce partners.
Smart professionals aren’t just learni…","Disclosure: Our goal is to feature products and services that we think you'll find interesting and useful. If you purchase them, Entrepreneur may get a small share of the revenue from the sale from o… [+140 chars]",2025-10-04T13:27:35Z,https://biztoc.com/x/f38c1d49d2a546b5,Biztoc.com,Artificial Intelligence,2025-10-04
Meta VP: AI is the best thing in advertising – if we use it right,"The global economy is undergoing a profound transformation, with one topic dominating executive suites and boardroom discussions: artificial intelligence (AI). AI is no longer a distant concept; it’s fundamentally changing how companies innovate, engage with …","The global economy is undergoing a profound transformation, with one topic dominating executive suites and boardroom discussions: artificial intelligence (AI). AI is no longer a distant concept; its … [+143 chars]",2025-10-04T13:27:11Z,https://biztoc.com/x/b19885e6e6469f47,Biztoc.com,Artificial Intelligence,2025-10-04
DC’s shutdown hasn't stopped the stock market. Here’s what may,The U.S. stock market continues to rise despite the government's latest shutdown,"NEW YORK -- NEW YORK (AP) If the U.S. government's latest shutdown can't stop the stock market, what can? 
Stock prices keep rising, even as the shutdown delays important economic reports that usual… [+5255 chars]",2025-10-04T13:25:56Z,https://abcnews.go.com/Business/wireStory/dcs-shutdown-stopped-stock-market-heres-126214384,ABC News,Artificial Intelligence,2025-10-04
AI is burning out workers instead of helping them,"A new white paper from the University of Phoenix argues that AI adoption in the workplace is fueling burnout instead of easing it. Written by Dr. Jessica Sylvester, Reinventing Productivity: Aligning AI Innovation with Human Potential in the Modern Workforce …","A new white paper from the University of Phoenix argues that AI adoption in the workplace is fueling burnout instead of easing it. Written by Dr. Jessica Sylvester, Reinventing Productivity: Aligning… [+832 chars]",2025-10-04T13:12:36Z,https://slashdot.org/submission/17341110/ai-is-burning-out-workers-instead-of-helping-them,Slashdot.org,Artificial Intelligence,2025-10-04
Meta VP: AI is the best thing in advertising – if we use it right,"I worked in the ad industry for two decades, and every marketer and brand at Cannes Lions is actively exploring how to partner and invest the right way.","The global economy is undergoing a profound transformation, with one topic dominating executive suites and boardroom discussions: artificial intelligence (AI). AI is no longer a distant concept; its … [+4602 chars]",2025-10-04T13:10:00Z,https://fortune.com/2025/10/04/meta-vp-ai-is-the-best-thing-in-advertising-if-we-use-it-right/,Fortune,Artificial Intelligence,2025-10-04
DC’s shutdown hasn’t stopped the stock market. Here’s what may,"NEW YORK (AP) — If the U.S. government’s latest shutdown can’t stop the stock market, what can? Stock prices keep rising, even as the shutdown delays important economic reports that usually steer trading. The S&P 500 and Dow Jones Industrial Average set all-t…","NEW YORK (AP) If the U.S. governments latest shutdown cant stop the stock market, what can?
THIS CONTENT IS RESERVED FOR SUBSCRIBERS ONLY
Subscribe now to read the latest news in your city and acro… [+5097 chars]",2025-10-04T13:02:40Z,https://financialpost.com/pmn/dcs-shutdown-hasnt-stopped-the-stock-market-heres-what-may,Financial Post,Artificial Intelligence,2025-10-04
Why Fears of a Trillion-Dollar AI Bubble Are Growing,"Tech firms are spending hundreds of billions of dollars on advanced chips and data centers, not just to keep pace with a surge in the use of chatbots such as...","Construction of the first Stargate AI data center, in Abilene, Texas.Photographer: Kyle Grillot/Bloomberg
The concerns have followed Nvidia, to varying degrees, for much of the boom. The dominant ma… [+13188 chars]",2025-10-04T13:00:08Z,https://finance.yahoo.com/news/why-fears-trillion-dollar-ai-130008034.html,Yahoo Entertainment,Artificial Intelligence,2025-10-04
Autonomous combat aircraft unveiled as Europe’s loyal wingman,"Autonomous fighter planes are popping up all over the place these days as more air forces opt for pilotless loyal wingmen. The latest example is Europe's version, the multi-role Helsing CA-1 Europa, which has just made its public debut.Continue ReadingTags: A…","Autonomous fighter planes are popping up all over the place these days as more air forces opt for pilotless loyal wingmen. The latest example is Europe's version, the multi-role Helsing CA-1 Europa, … [+2896 chars]",2025-10-04T14:03:00Z,https://newatlas.com/ca-1-europa-loyal-wingman/,New Atlas,Machine Learning,2025-10-04
nqxpack 0.1.7,"Library to serialise objects arising from scientific and Machine Learning libraries, including NetKet.","A required part of this site couldnt load. This may be due to a browser
 extension, network issues, or browser settings. Please check your
 connection, disable any ad blockers, or try using a diffe… [+12 chars]",2025-10-04T13:51:20Z,https://pypi.org/project/nqxpack/0.1.7/,Pypi.org,Machine Learning,2025-10-04
"At 58, Tom Cillo is tackling his dream of playing college football","Despite the physical and financial risks, a 58-year-old Lycoming College freshman is determined to succeed. He balances school, football, and caring for his mother.","WILLIAMSPORT, Pa. The shouts of Yeah, Tom! started the moment Tom Cillo crossed the white paint on the sideline and stepped onto the field at Girardi Stadium.
After a couple of bounces to expend som… [+22430 chars]",2025-10-04T13:30:00Z,https://www.stltoday.com/sports/college/football/article_44453d3d-842c-51c8-875e-5cf8cc37893f.html,STLtoday.com,Machine Learning,2025-10-04
Show HN: Unstable Singularity Detector,"### Why I built- Earlier this year, DeepMind published groundbreaking work on detecting unstablesingularities in fluid dynamics—one of the deepest open problems in mathematicalphysics (arXiv:2509.14185).- The challenge? No public code.
- Extreme numerical pre…","Independent re-implementation of unstable singularity detection methods inspired by DeepMind research
Based on the paper ""Discovering new solutions to century-old problems in fluid dynamics"" (blog p… [+21708 chars]",2025-10-04T12:15:15Z,https://github.com/Flamehaven/unstable-singularity-detector,Github.com,Machine Learning,2025-10-04
The One UI 8.5 leaks that has us most excited about the Samsung Galaxy S26,"We analyze One UI 8.5 leaks and what they reveal about the Galaxy S26, plus news of Handoff coming to Android & a new Pixel Watch feature.","00:00 Mishaal Rahman: The floodgates have opened for One UI 8.5 leaks, giving us an early glimpse of the software features that will arrive on the Samsung Galaxy S26.
00:08 C. Scott Brown: And Googl… [+55325 chars]",2025-10-04T12:00:16Z,https://www.androidauthority.com/authority-insights-podcast-007-3603279/,Android Authority,Machine Learning,2025-10-04
Apple Glasses Rumored For Next Year With These Features,"The Apple Glasses are coming next year, according to rumors, and it will bring new features for users who'll purchase to enjoy.","The main priority of Apple now is its upcoming Apple Glasses that have been rumored for release next year.
The Apple Glasses is said to be an AI-first device, with the machine learning technology be… [+2060 chars]",2025-10-04T11:30:20Z,https://www.ibtimes.com/apple-glasses-rumored-next-year-these-features-3785562,International Business Times,Machine Learning,2025-10-04
dragon-ml-toolbox 10.2.1,A collection of tools for data science and machine learning projects.,"A required part of this site couldnt load. This may be due to a browser
 extension, network issues, or browser settings. Please check your
 connection, disable any ad blockers, or try using a diffe… [+12 chars]",2025-10-04T11:25:40Z,https://pypi.org/project/dragon-ml-toolbox/10.2.1/,Pypi.org,Machine Learning,2025-10-04
"Despite AI-related job loss fears, tech hiring holds steady - and here are the most in-demand skills","Two recent surveys, from ManpowerGroup and UpWork, show optimism for tech-related hiring for both jobs and gigs, now and into the remainder of the quarter.","NeoLeo/iStock / Getty Images Plus
Follow ZDNET: Add us as a preferred source on Google.
ZDNET's key takeaways
<ul><li>Tech hiring for the next quarter is steady compared to a year ago.</li><li>AI … [+5774 chars]",2025-10-04T10:00:32Z,https://www.zdnet.com/article/despite-ai-related-job-loss-fears-tech-hiring-holds-steady-and-here-are-the-most-in-demand-skills/,ZDNet,Machine Learning,2025-10-04
"Gear News of the Week: Adobe Premiere Lands on iPhone, and Nothing Lets You Design Your Own Widgets","Plus: Whoop lets you order blood tests, Arlo refreshes its security camera lineup, and Roland unveils a new analog drum machine.","Adobe has had a busy year designing and redesigning a number of its most popular apps for mobile, and Premiere for iPhone is the latesta mobile-first video editing workflow that adapts most of the to… [+4821 chars]",2025-10-04T10:00:00Z,https://www.wired.com/story/gear-news-of-the-week-adobe-premiere-lands-on-iphone-and-nothing-lets-you-design-your-own-widgets/,Wired,Machine Learning,2025-10-04
Show HN: The Little Book of Maths for LLMs-The maths you need to understand LLMs,"Article URL: https://little-book-of.github.io/maths-for-llms/books/en-US/book.html
Comments URL: https://news.ycombinator.com/item?id=45471893
Points: 2
# Comments: 1","Licensed under CC BY-NC-SA 4.0.This is a book about how numbers learn to speak.Inside, youll find the gentle mathematics that powers every large language model,from simple counting and geometry to pr… [+331641 chars]",2025-10-04T09:07:32Z,https://little-book-of.github.io/maths-for-llms/books/en-US/book.html,Github.io,Machine Learning,2025-10-04
Self-host your own search engine with YaCy and Docker,"I found the benefits of self-hosting a decentralized search engine using YaCy, an open-source platform that prioritizes privacy.","The way we search for information has changed, and it's only set to expedite as we move into the world of artificial intelligence. We've seen this already with the more popular search engines favorin… [+6147 chars]",2025-10-04T09:00:20Z,https://www.xda-developers.com/built-my-own-search-engine-decentralized-web-crawling-tool/,XDA Developers,Machine Learning,2025-10-04
Rezolve AI Target of Unusually Large Options Trading (NASDAQ:RZLV),"Rezolve AI PLC (NASDAQ:RZLV – Get Free Report) was the target of some unusual options trading activity on Friday. Investors acquired 22,797 call options on the company. This is an increase of approximately 65% compared to the average daily volume of 13,810 ca…","Rezolve AI PLC (NASDAQ:RZLV – Get Free Report) was the target of some unusual options trading activity on Friday. Investors acquired 22,797 call options on the company. This is an increase of approxi… [+3019 chars]",2025-10-04T08:23:03Z,https://www.etfdailynews.com/2025/10/04/rezolve-ai-target-of-unusually-large-options-trading-nasdaqrzlv/,ETF Daily News,Machine Learning,2025-10-04
Riskified (NYSE:RSKD) Rating Increased to Buy at Wall Street Zen,Wall Street Zen upgraded shares of Riskified (NYSE:RSKD – Free Report) from a hold rating to a buy rating in a report issued on Friday morning. Several other analysts also recently weighed in on the stock. UBS Group decreased their price target on shares of R…,"Wall Street Zen upgraded shares of Riskified (NYSE:RSKD – Free Report) from a hold rating to a buy rating in a report issued on Friday morning.
Several other analysts also recently weighed in on the… [+4278 chars]",2025-10-04T08:23:02Z,https://www.etfdailynews.com/2025/10/04/riskified-nyserskd-rating-increased-to-buy-at-wall-street-zen/,ETF Daily News,Machine Learning,2025-10-04
Rezolve AI (NASDAQ:RZLV) Price Target Raised to $7.00,"Rezolve AI (NASDAQ:RZLV – Get Free Report) had its price objective lifted by research analysts at Northland Securities from $5.00 to $7.00 in a report issued on Thursday, Marketbeat Ratings reports. The firm presently has an “outperform” rating on the stock. …","Rezolve AI (NASDAQ:RZLV – Get Free Report) had its price objective lifted by research analysts at Northland Securities from $5.00 to $7.00 in a report issued on Thursday, Marketbeat Ratings reports. … [+3143 chars]",2025-10-04T07:28:53Z,https://www.etfdailynews.com/2025/10/04/rezolve-ai-nasdaqrzlv-price-target-raised-to-7-00/,ETF Daily News,Machine Learning,2025-10-04
Northland Capmk Has Weak Outlook for Rezolve AI Q4 Earnings,"Rezolve AI PLC (NASDAQ:RZLV – Free Report) – Equities research analysts at Northland Capmk dropped their Q4 2026 earnings per share estimates for shares of Rezolve AI in a research note issued on Wednesday, October 1st. Northland Capmk analyst M. Latimore now…",Rezolve AI PLC (NASDAQ:RZLV – Free Report) – Equities research analysts at Northland Capmk dropped their Q4 2026 earnings per share estimates for shares of Rezolve AI in a research note issued on Wed… [+3053 chars],2025-10-04T06:48:57Z,https://www.etfdailynews.com/2025/10/04/northland-capmk-has-weak-outlook-for-rezolve-ai-q4-earnings/,ETF Daily News,Machine Learning,2025-10-04
Jane Goodall’s Lesson: Rethinking Intelligence,"s we forge partnerships between natural and artificial intelligences, have we absorbed the most vital lesson from her research, that intelligence itself is plural?","Chimpanzee looking directly at the camera
getty
When Jane Goodall arrived at Tanzania's Gombe Stream in 1960, she carried neither a doctoral degree nor conventional scientific training. What she po… [+12045 chars]",2025-10-04T06:18:39Z,https://www.forbes.com/sites/corneliawalther/2025/10/04/jane-goodalls-lesson-rethinking-intelligence/,Forbes,Machine Learning,2025-10-04
Rezolve AI (NASDAQ:RZLV) Shares Up 8.1% on Analyst Upgrade,"Shares of Rezolve AI PLC (NASDAQ:RZLV – Get Free Report) were up 8.1% on Friday after Wall Street Zen upgraded the stock from a sell rating to a hold rating. The company traded as high as $7.58 and last traded at $6.79. Approximately 54,650,807 shares traded …",Shares of Rezolve AI PLC (NASDAQ:RZLV – Get Free Report) were up 8.1% on Friday after Wall Street Zen upgraded the stock from a sell rating to a hold rating. The company traded as high as $7.58 and l… [+2921 chars],2025-10-04T06:14:51Z,https://www.etfdailynews.com/2025/10/04/rezolve-ai-nasdaqrzlv-shares-up-8-1-on-analyst-upgrade/,ETF Daily News,Machine Learning,2025-10-04
Critical Analysis: Genpact (NYSE:G) & BigBear.ai (NYSE:BBAI),"Genpact (NYSE:G – Get Free Report) and BigBear.ai (NYSE:BBAI – Get Free Report) are both mid-cap computer and technology companies, but which is the better investment? We will contrast the two businesses based on the strength of their profitability, analyst r…","Genpact (NYSE:G – Get Free Report) and BigBear.ai (NYSE:BBAI – Get Free Report) are both mid-cap computer and technology companies, but which is the better investment? We will contrast the two busine… [+5771 chars]",2025-10-04T06:10:55Z,https://www.etfdailynews.com/2025/10/04/critical-analysis-genpact-nyseg-bigbear-ai-nysebbai/,ETF Daily News,Machine Learning,2025-10-04
"Ozak AI Presale Nears $3.5M, Investors Bet Big on AI Altcoins","ROAD TOWN, British Virgin Islands, Oct. 04, 2025 (GLOBE NEWSWIRE) -- Crypto markets in 2025 are defined by means of narratives, and one of the strongest is the rise of AI-driven altcoins. While Bitcoin, Ethereum, and Solana dominate headlines with their stead…","ROAD TOWN, British Virgin Islands, Oct. 04, 2025 (GLOBE NEWSWIRE) -- Crypto markets in 2025 are defined by means of narratives, and one of the strongest is the rise of AI-driven altcoins. While Bitco… [+7942 chars]",2025-10-04T05:57:00Z,https://www.globenewswire.com/news-release/2025/10/04/3161259/0/en/Ozak-AI-Presale-Nears-3-5M-Investors-Bet-Big-on-AI-Altcoins.html,GlobeNewswire,Machine Learning,2025-10-04
Viasat (NASDAQ:VSAT) Rating Lowered to Strong Sell at Barclays,"Barclays downgraded shares of Viasat (NASDAQ:VSAT – Free Report) from an equal weight rating to a strong sell rating in a report published on Wednesday morning, MarketBeat reports. Barclays currently has $23.00 target price on the communications equipment pro…","Barclays downgraded shares of Viasat (NASDAQ:VSAT – Free Report) from an equal weight rating to a strong sell rating in a report published on Wednesday morning, MarketBeat reports. Barclays currently… [+5650 chars]",2025-10-04T05:56:50Z,https://www.etfdailynews.com/2025/10/04/viasat-nasdaqvsat-rating-lowered-to-strong-sell-at-barclays/,ETF Daily News,Machine Learning,2025-10-04
"Speculative Retail Trading is Good for Financial Markets, Actually","Fighting speculation is fighting reality, Stocktwits CEO and co-founder Howard Lindzon argues.","Traditional investment firms all have the same mantras: time in the market beats timing, move slowly, and big money is in the waiting. Its an action plan that made sense 20 years ago, but today, its … [+6515 chars]",2025-10-04T13:00:00Z,https://www.coindesk.com/opinion/2025/10/02/speculative-retail-trading-is-good-for-financial-markets-actually,CoinDesk,Deep Learning,2025-10-04
Travel insurance companies are adding new post-departure benefits. Here’s what you can expect.,"When Alexandra Lauren developed an ear infection while scuba diving in Hoi An, Vietnam, the diagnosis was unexpectedly serious: Her hospital recommended a two-week stay connected to an IV drip.","In this case: The new travel insurance benefits
<ul><li>A traveler uses a little-known insurance benefit to avoid unnecessary medical treatment during an emergency in Vietnam.</li><li>Discover the n… [+8333 chars]",2025-10-04T12:30:00Z,https://www.elliott.org/safe-travels/travel-insurance-companies-are-adding-new-post-departure-benefits-heres-what-you-can-expect/,Elliott.org,Deep Learning,2025-10-04
Writer’s Digest 94th Annual Competition Memoir/Personal Essay First Place Winner: “The Dead Whale”,"Congratulations to Carol Keeley, first-place winner in the Memoir/Personal Essay category of the 94th Annual Writer’s Digest Writing Competition. Here’s the winning essay, “The Dead Whale.”
The post Writer’s Digest 94th Annual Competition Memoir/Personal Essa…","Congratulations to Carol Keeley, first-place winner in the Memoir/Personal Essay category of the 94th Annual Writers Digest Writing Competition. Heres the winning essay, The Dead Whale.
(See the win… [+10660 chars]",2025-10-04T12:00:00Z,https://www.writersdigest.com/94th-annual-competition-memoir-personal-winner,Writersdigest.com,Deep Learning,2025-10-04
What Divorced Men Wish They Had Done Differently In Their Marriages,"Looking back, these men reveal some of the missteps they made and the regrets they have.","Here's what ex-husbands would change if they were to do it all over again.
After a marriage ends and youve gained some time and distance from the relationship, you can slowly start to see where thin… [+6674 chars]",2025-10-04T11:00:18Z,https://www.huffpost.com/entry/what-divorced-men-wish-they-had-done-differently-in-their-marriages-goog_l_68de9294e4b028d81f30a142,HuffPost,Deep Learning,2025-10-04
"Which Taylor Swift Album Are You, Based On Your Zodiac Sign?","Now that Ms. Swift has released her twelfth studio album, she finally has one for each zodiac sign. So we assigned each of them a sign based on vibes.","If her global superstardom and inconceivably high net worth dont make it obvious, let it be known that Taylor Swift knows how to create universally appreciated music. No matter your age, class, or na… [+7472 chars]",2025-10-04T11:00:00Z,https://www.cosmopolitan.com/lifestyle/a68152793/taylor-swift-album-zodiac-sign/,Cosmopolitan.com,Deep Learning,2025-10-04
$2.8 Trillion Hispanic Market: Why CEOs Must Recommit To Inclusion,"For CEOs to reach a $2.8T Hispanic market, they must build knowledge capabilities and think long term. Adopting three talent moves now can ensure long-term success.","Antonio Tijerino, President &amp; CEO, Hispanic Heritage Foundation (Photo by Paul Morigi).
Getty Images for Hispanic Heritage Foundation
Political and legal currents are softening U.S. Hispanic co… [+6009 chars]",2025-10-04T10:15:00Z,https://www.forbes.com/sites/corinnepost/2025/10/04/28-trillion-hispanic-market-why-ceos-must-recommit-to-inclusion/,Forbes,Deep Learning,2025-10-04
"Can a Cultured Mushroom Extract *REALLY* Shrink Tumors, Clear HPV & Supercharge Immunity?, with Meagan Lindquist","Listen on: Reading Time: 6 minutes What I Discuss with Meagan (Mimi) Lindquist: The amazing mushroom extract AHCC is a
The post Can a Cultured Mushroom Extract *REALLY* Shrink Tumors, Clear HPV & Supercharge Immunity?, with Meagan Lindquist appeared first on …","Ben Greenfield [00:00:00]: My name is Ben Greenfield, and on this episode of the Boundless Life podcast...
Meagan Lindquist [00:00:05]: So they gave these 195 participants about 6 grams of AHCC per … [+59242 chars]",2025-10-04T09:00:08Z,https://bengreenfieldlife.com/podcast/ahccpodcast/,Bengreenfieldlife.com,Deep Learning,2025-10-04
XRP Price On The Verge Of Breaking Out: Expert Sets $4 Target,"In line with the broader cryptocurrency market’s recent upswing, the XRP price has captured attention with one of its largest weekly candles of the year, soaring over 14% in the past week and pushing the altcoin just above the $3 mark.  This performance posit…","Ronaldo is an experienced crypto enthusiast dedicated to the nascent and ever-evolving industry. With over five years of extensive research and unwavering dedication, he has cultivated a profound int… [+3322 chars]",2025-10-04T07:00:51Z,http://www.newsbtc.com/xrp-news/xrp-price-on-the-verge-of-breaking-out-expert-sets-4-target/,newsBTC,Deep Learning,2025-10-04
"Thirty Years of Excellence at YCIS Beijing, A New Chapter Begins","BEIJING, Oct. 04, 2025 (GLOBE NEWSWIRE) -- This year marks a remarkable milestone for Yew Chung International School of Beijing (YCIS Beijing), as the school celebrates its 30th anniversary on October 10th. For three decades, YCIS Beijing has provided an educ…","BEIJING, Oct. 04, 2025 (GLOBE NEWSWIRE) -- This year marks a remarkable milestone for Yew Chung International School of Beijing (YCIS Beijing), as the school celebrates its 30th anniversary on Octobe… [+7387 chars]",2025-10-04T06:32:00Z,https://www.globenewswire.com/news-release/2025/10/04/3161260/0/en/Thirty-Years-of-Excellence-at-YCIS-Beijing-A-New-Chapter-Begins.html,GlobeNewswire,Deep Learning,2025-10-04
"Three chefs, three feasts, one language","Parisian elegance, London precision and Istanbul’s emotion came together in one menu. Three chefs, three cities, one story: An evening that proved it is indeed possible to speak together in gastronomy without losing one’s voice.","Ebru Erke
Parisian elegance, London precision and Istanbuls emotion came together in one menu. Three chefs, three cities, one story: An evening that proved it is indeed possible to speak together in… [+5964 chars]",2025-10-04T06:27:23Z,https://www.hurriyetdailynews.com/three-chefs-three-feasts-one-language-214305,Hurriyet Daily News,Deep Learning,2025-10-04
Bentley Systems (NASDAQ:BSY) and zSpace (NASDAQ:ZSPC) Head-To-Head Contrast,"Bentley Systems (NASDAQ:BSY – Get Free Report) and zSpace (NASDAQ:ZSPC – Get Free Report) are both computer and technology companies, but which is the better investment? We will compare the two companies based on the strength of their earnings, valuation, div…","Bentley Systems (NASDAQ:BSY – Get Free Report) and zSpace (NASDAQ:ZSPC – Get Free Report) are both computer and technology companies, but which is the better investment? We will compare the two compa… [+4558 chars]",2025-10-04T06:10:50Z,https://www.etfdailynews.com/2025/10/04/bentley-systems-nasdaqbsy-and-zspace-nasdaqzspc-head-to-head-contrast/,ETF Daily News,Deep Learning,2025-10-04
Lessons in Vanderbilt Football: Utah State,"If you are unable to sleep, here is some measured Vanderbilt football talk to get you ready for the Bama game.",Last week was a week off from learning after the 70-21 win over Georgia State. Life happens sometimes and not much new could be learned from thoroughly thrashing a very bad team when there is a reven… [+12056 chars],2025-10-04T04:30:00Z,https://www.anchorofgold.com/lessons-in-vanderbilt-football/29832/lessons-in-vanderbilt-football-utah-state,Anchor Of Gold,Deep Learning,2025-10-04
How Alex Jensen’s basketball life has shaped him for a role he was destined for — Runnin’ Utes coach,Former Utah basketball great Alex Jensen has the work experience and is approaching his new job with determination to do things “the right way” in rebuilding the foundation.,"Alex Jensen has a picturesque view from his office in the Jon M. and Karen Huntsman Basketball Facility on the University of Utah campus. 
Beyond the all-glass facade at the west end of the office, … [+20855 chars]",2025-10-04T03:00:01Z,https://www.deseret.com/sports/2025/10/03/who-is-alex-jensen-how-he-is-approaching-his-first-season-as-utah-basketball-coach/,Deseret News,Deep Learning,2025-10-04
The 'Heartbeat'? A 'Ferrari'? George Springer Rediscovered Himself in Toronto,The Blue Jays won the AL East and have eyes on the World Series thanks to George Springer getting back to what made him an elite player.,"A couple of hours before an early September game, George Springer took the field for Blue Jays batting practice and awaited his turn to hit in the cage. 
Holding a bat, he sat down on a tall bag bei… [+6154 chars]",2025-10-04T01:58:48Z,https://www.foxsports.com/stories/mlb/george-springer-the-heartbeat-blue-jays-after-rediscovering-himself-late-his-career,Fox Sports,Deep Learning,2025-10-04
"In India, why teachers are walking away from the classroom",They realise that authorities and donors are more interested in evidence of efficiency than in children’s well-being and learning,"It is not easy to come by a permanent teaching job these days. Yet, many young teachers choose to quit and accept a return to the state of unemployment and uncertainty. The deep disquiet spreading in… [+5178 chars]",2025-10-04T01:32:16Z,https://indianexpress.com/article/opinion/columns/india-teachers-walking-away-from-classroom-10286313/,The Indian Express,Deep Learning,2025-10-04
